Year,Team1,Team2,Goals_Team1,Goals_Team2,Winner,FIFA_Ranking_Team1,FIFA_Ranking_Team2,Avg_Age_Team1,Avg_Age_Team2,Experience_Team1,Experience_Team2,Possession_Team1,Possession_Team2,Shots_On_Target_T1,Shots_On_Target_T2,Past_WC_Performance_T1,Past_WC_Performance_T2
2002,Czech Republic,Belgium,2,0,Czech Republic,6,28,25.5,26.9,4,3,51.5,53.3,1,5,2,3
2002,Russia,Mexico,1,0,Russia,79,8,28.5,26.8,5,8,42.0,44.3,3,3,1,1
2002,Sweden,Nigeria,3,2,Sweden,27,1,28.4,30.9,2,7,49.0,44.4,5,8,0,4
2002,Netherlands,Ghana,3,0,Netherlands,10,37,30.7,24.2,1,6,58.8,54.6,7,8,1,4
2002,Poland,Paraguay,1,0,Poland,73,63,26.6,28.0,9,4,59.1,50.0,3,2,4,2
2002,Czech Republic,Serbia,2,0,Czech Republic,97,22,28.3,30.0,1,9,44.8,48.3,6,4,2,4
2002,Australia,Japan,0,0,Draw,96,70,27.2,31.5,4,1,52.5,43.4,5,1,1,4
2002,Nigeria,Switzerland,1,0,Nigeria,48,21,29.6,26.2,2,2,49.5,43.8,1,4,1,0
2002,Croatia,Ghana,1,0,Croatia,70,96,25.6,28.0,4,4,57.5,40.2,6,4,4,4
2002,Croatia,Chile,2,2,Draw,59,35,28.5,28.1,8,3,45.4,41.8,8,9,0,3
2002,Cameroon,Mexico,2,2,Draw,59,79,26.6,27.4,8,1,40.1,51.1,1,3,1,2
2002,Senegal,Australia,0,0,Draw,2,5,26.9,26.8,9,5,43.3,57.8,2,2,4,1
2002,Tunisia,Senegal,0,1,Senegal,29,60,27.2,27.9,5,7,47.0,45.7,4,9,0,1
2002,Cameroon,Belgium,0,2,Belgium,68,46,27.5,21.9,7,2,46.3,46.6,2,9,0,0
2002,Argentina,Australia,2,1,Argentina,65,50,26.8,28.4,3,5,55.8,42.3,9,1,2,1
2002,Chile,Belgium,1,0,Chile,83,48,27.4,27.3,4,6,53.6,47.8,8,6,4,1
2002,Germany,Portugal,0,0,Draw,26,6,30.2,26.6,9,7,46.0,40.7,8,8,0,2
2002,Cameroon,England,2,2,Draw,89,89,29.0,31.1,1,1,49.2,58.4,4,3,2,2
2002,Serbia,Saudi Arabia,1,2,Saudi Arabia,10,56,28.7,25.7,2,7,41.9,53.5,5,9,3,3
2002,Greece,USA,2,2,Draw,53,59,26.1,26.2,5,4,58.0,59.8,4,2,4,0
2002,Germany,Turkey,2,1,Germany,79,29,25.2,31.0,3,8,58.7,57.7,9,6,3,1
2002,Poland,Australia,3,1,Poland,59,71,28.9,25.3,2,4,59.6,49.5,2,1,0,3
2002,Ecuador,Denmark,3,1,Ecuador,22,77,28.8,25.9,1,6,57.4,50.4,8,7,4,0
2002,Belgium,Italy,2,2,Draw,51,18,29.9,26.7,3,9,43.5,43.8,2,3,2,1
2002,Chile,Paraguay,0,0,Draw,48,2,25.8,28.7,1,5,40.9,49.2,1,7,0,1
2002,Ghana,Belgium,0,1,Belgium,21,8,26.5,27.4,1,4,51.6,58.1,3,4,4,2
2002,Morocco,Ghana,2,0,Morocco,22,75,23.7,24.4,1,8,58.3,41.0,9,9,4,4
2002,Saudi Arabia,Poland,0,3,Poland,98,97,26.2,25.9,8,9,43.5,57.3,3,5,3,0
2002,Denmark,Senegal,0,1,Senegal,30,54,29.0,25.8,3,4,40.1,46.8,9,3,0,1
2002,Sweden,Nigeria,3,2,Sweden,25,38,26.1,26.8,1,3,56.1,58.0,7,8,2,0
2002,Argentina,Denmark,2,0,Argentina,28,48,28.3,27.9,7,8,41.5,58.8,1,6,2,3
2002,Ukraine,Czech Republic,1,2,Czech Republic,65,27,26.6,27.8,3,5,48.3,53.4,5,2,0,3
2002,England,Czech Republic,1,1,Draw,45,20,27.6,23.4,8,2,53.6,53.3,9,3,0,4
2002,Poland,USA,2,0,Poland,68,12,24.7,29.1,4,9,44.7,49.1,3,8,1,1
2002,Portugal,Turkey,2,2,Draw,7,43,27.2,27.5,4,3,41.7,56.7,9,7,3,2
2002,Czech Republic,Italy,1,0,Czech Republic,49,61,21.0,29.8,5,2,55.4,59.2,5,6,0,1
2002,South Korea,Paraguay,2,1,South Korea,9,31,26.6,27.9,6,1,52.6,55.5,9,1,0,0
2002,France,Nigeria,2,2,Draw,36,91,23.7,29.2,7,8,59.8,52.4,6,9,1,3
2002,Ghana,Russia,0,1,Russia,83,96,29.4,27.9,4,3,46.9,52.1,9,3,1,0
2002,USA,Croatia,1,3,Croatia,1,61,28.6,29.7,8,7,41.2,57.0,7,5,4,4
2002,Portugal,South Korea,1,0,Portugal,10,74,27.9,28.0,6,1,54.7,50.8,7,7,2,3
2002,Iran,Belgium,6,0,Iran,36,67,30.0,26.8,1,1,50.4,56.1,8,7,3,2
2002,Germany,Portugal,1,1,Draw,73,91,25.1,31.5,1,9,44.3,50.2,7,3,4,3
2002,Switzerland,Uruguay,0,0,Draw,46,35,30.5,28.8,9,8,55.6,41.2,9,4,0,1
2002,Saudi Arabia,Japan,2,3,Japan,32,95,28.9,28.1,6,3,44.1,47.7,9,7,1,1
2002,England,Greece,3,1,England,32,15,26.5,24.4,8,6,45.2,48.9,6,8,2,3
2002,Netherlands,England,6,1,Netherlands,6,16,29.3,24.4,7,3,41.9,42.8,7,2,4,4
2002,Paraguay,Mexico,1,2,Mexico,48,13,24.8,27.6,6,4,48.0,42.0,2,9,2,1
2002,USA,Tunisia,0,1,Tunisia,38,35,25.4,27.3,4,1,48.4,50.7,9,7,1,1
2002,Japan,Portugal,3,0,Japan,17,75,25.8,25.8,7,5,50.3,41.7,1,8,4,2
2002,Senegal,Morocco,5,1,Senegal,74,59,25.9,27.3,9,1,54.2,46.1,1,6,4,3
2002,Tunisia,Germany,2,0,Tunisia,27,21,24.9,30.2,7,1,58.1,54.9,3,6,2,1
2002,France,Italy,2,0,France,54,54,29.4,28.4,1,7,42.8,59.3,6,9,1,4
2002,Germany,Russia,2,1,Germany,50,75,26.5,24.7,9,6,41.1,54.4,5,4,0,0
2002,Spain,Ukraine,2,0,Spain,35,30,27.7,26.8,4,2,40.4,59.9,2,5,4,3
2002,France,Greece,3,1,France,85,48,25.9,25.4,3,2,42.9,54.0,9,9,0,2
2002,Russia,Australia,2,0,Russia,25,35,23.4,26.2,4,7,53.2,45.9,4,1,1,1
2002,South Korea,Netherlands,2,2,Draw,28,86,27.5,26.2,4,1,54.5,53.4,4,4,4,4
2002,Iran,Brazil,2,1,Iran,15,38,23.2,26.0,2,2,55.7,54.0,5,7,4,3
2002,Colombia,Chile,4,1,Colombia,4,31,26.9,24.5,1,8,44.9,47.4,8,9,0,4
2002,Uruguay,Japan,2,1,Uruguay,93,78,24.3,26.7,1,6,46.1,40.4,4,6,3,4
2002,Senegal,England,1,2,England,73,24,31.0,25.9,8,2,49.7,54.1,5,8,0,2
2002,USA,Ghana,1,1,Draw,27,49,28.8,21.1,2,7,41.3,40.4,4,9,0,3
2002,Turkey,France,0,1,France,26,96,27.2,31.1,5,4,52.2,52.6,6,4,3,1
2002,Sweden,Senegal,1,3,Senegal,19,32,29.5,29.2,4,2,59.7,43.3,3,1,1,2
2002,Netherlands,Spain,1,1,Draw,92,55,25.3,26.2,8,6,47.2,51.3,8,8,1,1
2002,USA,Turkey,2,2,Draw,17,79,28.1,27.0,2,9,55.1,50.1,6,2,4,0
2002,Nigeria,Australia,3,1,Nigeria,43,58,27.4,24.7,9,9,50.0,40.3,5,1,2,4
2002,Tunisia,Czech Republic,2,3,Czech Republic,41,99,27.5,30.4,7,8,42.6,47.3,2,7,2,0
2002,Poland,Morocco,0,1,Morocco,42,3,29.5,30.8,7,3,51.6,52.0,7,9,4,4
2002,Denmark,Uruguay,1,0,Denmark,50,80,28.5,27.3,1,3,46.0,57.0,2,9,2,2
2002,South Korea,Iran,4,1,South Korea,84,69,27.6,29.0,2,2,40.7,57.8,1,3,0,1
2002,Cameroon,Australia,3,2,Cameroon,40,85,23.7,27.4,4,5,52.7,49.7,7,6,0,1
2002,Iran,Czech Republic,1,0,Iran,39,10,25.1,24.3,4,4,57.2,54.6,5,7,3,2
2002,Ghana,Argentina,1,1,Draw,23,83,26.8,26.2,3,7,46.9,46.3,1,9,3,3
2002,Russia,Mexico,3,4,Mexico,96,25,27.2,27.3,7,4,47.8,46.8,4,2,4,0
2002,Sweden,Saudi Arabia,2,0,Sweden,52,68,24.7,26.1,8,9,57.8,43.9,4,8,4,0
2002,Brazil,Switzerland,1,3,Switzerland,47,61,31.8,26.6,2,2,56.3,51.2,7,7,4,1
2002,Ghana,Saudi Arabia,2,0,Ghana,63,29,30.0,26.8,4,6,54.3,46.3,9,4,0,1
2002,England,Netherlands,0,0,Draw,97,19,28.2,26.8,3,7,45.0,41.7,2,2,2,1
2006,Portugal,Czech Republic,0,2,Czech Republic,69,43,27.1,27.1,2,4,58.2,53.7,1,8,4,2
2006,Cameroon,Brazil,0,1,Brazil,43,66,26.6,24.9,6,6,43.1,54.2,2,5,4,3
2006,Brazil,Argentina,1,1,Draw,48,74,25.1,25.6,4,7,52.5,47.2,7,6,0,0
2006,Netherlands,Mexico,0,3,Mexico,34,61,27.2,24.4,6,4,40.6,41.5,6,7,0,4
2006,Cameroon,Saudi Arabia,3,0,Cameroon,40,43,27.5,29.0,2,8,52.9,48.5,4,1,0,2
2006,Croatia,Ghana,2,0,Croatia,75,25,24.5,22.8,4,9,45.5,48.8,1,8,2,0
2006,Japan,Ecuador,5,1,Japan,61,20,27.7,29.3,6,1,49.0,53.4,1,4,4,3
2006,Netherlands,Greece,4,1,Netherlands,50,48,26.7,29.8,5,7,46.9,46.3,5,9,1,2
2006,Paraguay,Spain,1,1,Draw,67,83,23.2,26.4,3,9,43.5,53.7,1,1,1,0
2006,Paraguay,Costa Rica,3,2,Paraguay,62,87,25.3,21.8,8,5,52.4,57.4,7,2,4,2
2006,Ecuador,Poland,1,0,Ecuador,58,24,26.2,26.3,7,2,57.6,44.7,1,6,4,0
2006,Italy,Denmark,1,1,Draw,33,11,30.8,26.9,3,6,59.2,59.6,1,1,4,0
2006,Czech Republic,Poland,0,0,Draw,75,98,28.1,25.0,6,7,43.8,47.7,2,4,4,3
2006,Saudi Arabia,Croatia,3,1,Saudi Arabia,16,55,24.3,26.0,4,2,54.3,45.3,3,8,2,4
2006,England,Ukraine,2,2,Draw,82,28,28.0,30.1,5,2,53.3,48.4,1,5,1,3
2006,Portugal,Senegal,2,1,Portugal,94,69,23.9,28.3,5,1,46.9,41.9,9,9,3,0
2006,Netherlands,Paraguay,3,1,Netherlands,48,63,29.2,25.2,7,4,40.4,42.5,8,6,1,2
2006,Belgium,Australia,2,3,Australia,10,59,26.1,23.8,5,7,53.8,48.3,5,1,1,3
2006,Colombia,Switzerland,3,0,Colombia,82,5,26.8,26.3,3,9,58.9,55.2,2,6,0,4
2006,Ecuador,South Korea,2,1,Ecuador,38,51,29.7,26.6,5,3,52.6,58.0,5,6,4,0
2006,Nigeria,USA,2,0,Nigeria,19,21,24.4,28.0,7,7,48.7,53.3,6,6,4,3
2006,Cameroon,Sweden,0,1,Sweden,36,12,24.2,25.9,5,7,50.5,42.1,1,8,4,3
2006,Ukraine,Turkey,2,2,Draw,59,50,25.8,28.0,5,7,44.0,53.4,4,6,0,3
2006,Paraguay,Brazil,0,0,Draw,63,4,29.1,30.9,9,2,55.0,52.7,9,5,2,3
2006,Tunisia,Argentina,0,1,Argentina,77,42,24.0,28.6,3,6,54.9,56.1,2,2,2,2
2006,Chile,Denmark,0,1,Denmark,46,84,21.3,26.9,6,2,42.9,56.5,5,4,3,4
2006,Morocco,Nigeria,0,6,Nigeria,3,38,26.1,26.6,1,6,57.6,57.4,1,5,2,4
2006,Paraguay,Croatia,2,2,Draw,74,25,28.1,26.3,5,3,45.4,48.3,4,4,2,0
2006,Brazil,Belgium,1,1,Draw,65,14,29.4,29.4,8,2,59.6,54.0,4,2,4,1
2006,Paraguay,Uruguay,1,0,Paraguay,91,75,26.1,25.7,5,6,47.7,45.4,6,7,1,2
2006,Ukraine,Costa Rica,1,0,Ukraine,8,32,26.2,27.1,9,2,43.6,60.0,9,2,2,0
2006,USA,Denmark,1,0,USA,51,11,29.3,27.1,6,5,47.0,43.5,3,1,2,0
2006,Argentina,Netherlands,3,0,Argentina,81,61,23.3,26.0,8,2,48.8,40.2,9,5,0,3
2006,Brazil,Greece,1,0,Brazil,73,18,26.2,24.3,8,3,41.4,43.0,6,1,3,1
2006,Italy,Belgium,0,1,Belgium,6,27,27.4,27.6,3,3,51.6,55.5,7,1,0,1
2006,Iran,Cameroon,1,1,Draw,89,55,27.9,26.9,7,6,52.0,48.9,2,1,4,2
2006,USA,Saudi Arabia,2,0,USA,39,54,26.0,28.0,7,6,54.8,49.0,6,6,1,1
2006,Czech Republic,Netherlands,6,2,Czech Republic,60,82,27.1,25.9,6,3,40.6,59.1,6,9,3,0
2006,Morocco,Saudi Arabia,0,2,Saudi Arabia,28,87,22.0,29.4,7,3,50.8,58.4,2,1,0,1
2006,Portugal,Senegal,2,2,Draw,97,75,25.7,25.2,2,1,41.1,46.2,2,5,2,1
2006,Sweden,Iran,1,2,Iran,54,21,27.9,30.4,9,7,54.0,44.2,2,9,2,4
2006,Sweden,Netherlands,0,1,Netherlands,37,44,25.0,23.5,1,8,41.1,57.0,1,9,3,0
2006,Iran,Saudi Arabia,1,2,Saudi Arabia,9,5,27.1,27.9,1,2,58.2,58.1,5,1,2,1
2006,Mexico,Saudi Arabia,4,0,Mexico,82,87,27.9,28.0,3,4,54.0,50.8,8,8,0,1
2006,Costa Rica,Ukraine,2,0,Costa Rica,56,41,26.3,25.4,3,7,50.1,52.6,2,1,0,3
2006,Czech Republic,Senegal,1,2,Senegal,59,59,27.3,27.8,1,8,48.8,45.1,5,8,2,1
2006,Costa Rica,Morocco,3,0,Costa Rica,85,89,25.1,29.6,7,1,42.6,56.0,8,1,2,1
2006,France,Japan,2,1,France,2,54,26.6,22.6,4,4,45.8,52.6,5,5,4,4
2006,Serbia,Portugal,3,1,Serbia,61,74,28.2,28.0,2,6,57.4,50.1,2,8,1,0
2006,Ukraine,Ecuador,1,1,Draw,58,22,27.3,22.0,5,3,58.1,41.2,3,6,3,2
2006,Nigeria,Switzerland,0,2,Switzerland,60,83,25.8,25.1,6,5,40.0,58.3,6,9,0,0
2006,Czech Republic,Mexico,1,1,Draw,40,65,27.4,30.3,9,9,51.9,52.3,5,1,3,3
2006,Sweden,Saudi Arabia,3,0,Sweden,36,64,28.4,25.8,4,3,54.4,43.9,4,9,4,0
2006,Russia,Russia,1,3,Russia,37,71,22.9,24.7,2,5,52.4,52.1,4,1,0,1
2006,Senegal,Mexico,1,1,Draw,79,4,29.3,26.6,5,8,41.6,53.5,5,3,4,3
2006,Mexico,Paraguay,2,0,Mexico,92,65,26.3,31.1,3,6,44.4,50.5,2,1,4,0
2006,Costa Rica,Spain,2,2,Draw,18,15,27.9,23.3,2,4,45.0,54.4,9,3,2,3
2006,England,South Korea,4,0,England,98,76,29.4,24.9,1,8,56.6,51.6,2,2,3,2
2006,Chile,Italy,3,2,Chile,63,22,24.3,30.0,2,3,49.3,59.0,2,2,3,0
2006,Saudi Arabia,Ghana,1,2,Ghana,22,86,25.6,30.7,6,3,49.7,41.1,9,9,2,1
2006,Germany,Germany,0,0,Draw,11,47,26.4,26.8,8,4,58.7,42.1,3,8,3,3
2006,Spain,Uruguay,0,2,Uruguay,58,81,25.4,24.5,3,9,52.7,43.5,7,1,2,4
2006,Saudi Arabia,Serbia,1,1,Draw,57,93,30.5,31.2,9,5,58.0,53.8,4,4,0,3
2006,Saudi Arabia,Italy,1,1,Draw,77,46,25.3,30.2,9,8,49.1,52.9,6,1,4,4
2006,Switzerland,Ecuador,1,1,Draw,4,14,25.9,28.4,2,6,43.0,57.8,4,1,4,1
2006,Serbia,Brazil,4,1,Serbia,86,50,27.4,25.4,8,3,58.6,54.7,7,4,3,2
2006,Croatia,South Korea,1,2,South Korea,7,20,24.6,26.9,5,8,49.2,50.2,1,2,1,4
2006,Saudi Arabia,Costa Rica,1,2,Costa Rica,61,50,26.2,26.7,4,9,43.6,59.8,3,3,4,2
2006,Ghana,Croatia,2,1,Ghana,54,33,27.6,27.7,5,8,46.0,45.3,3,9,2,3
2006,Czech Republic,Poland,0,0,Draw,88,59,26.3,29.9,4,4,41.0,56.7,1,2,1,1
2006,Ecuador,Iran,0,1,Iran,68,43,26.8,28.8,8,6,49.4,48.5,6,4,1,4
2006,Brazil,Ghana,1,0,Brazil,92,79,25.9,24.8,4,1,57.1,53.0,9,1,4,3
2006,Morocco,Chile,0,1,Chile,79,12,24.0,29.8,6,4,58.7,54.5,8,2,4,0
2006,Mexico,Morocco,1,3,Morocco,1,40,27.6,27.6,2,8,58.7,52.7,7,5,4,3
2006,Argentina,Mexico,1,0,Argentina,55,20,30.5,28.4,5,1,42.5,42.8,8,1,2,2
2006,Czech Republic,Ecuador,1,1,Draw,3,94,27.0,29.9,6,3,47.6,48.9,6,7,1,1
2006,Spain,Colombia,2,2,Draw,78,38,27.5,24.8,5,1,40.6,51.2,9,4,3,1
2006,Netherlands,Paraguay,0,1,Paraguay,38,3,28.4,26.9,2,9,57.1,57.0,3,6,2,3
2006,Morocco,Brazil,2,2,Draw,1,28,24.5,25.9,7,2,47.2,48.9,9,8,0,0
2006,Portugal,Poland,2,1,Portugal,38,56,30.4,23.9,4,9,52.6,58.4,4,6,4,2
2010,Ukraine,Spain,3,4,Spain,85,90,27.4,27.7,8,4,54.3,48.8,7,2,1,3
2010,Ecuador,Saudi Arabia,0,2,Saudi Arabia,29,94,30.3,32.0,7,2,48.6,51.0,9,1,2,3
2010,Cameroon,Japan,4,1,Cameroon,5,13,25.5,23.3,7,4,46.1,55.9,2,8,0,1
2010,Sweden,Italy,2,3,Italy,74,77,30.6,26.9,9,6,59.2,51.7,2,8,2,2
2010,Costa Rica,Turkey,3,2,Costa Rica,92,66,28.6,28.3,1,7,59.3,59.2,9,9,2,0
2010,Costa Rica,Italy,0,1,Italy,21,37,28.1,27.2,6,3,45.8,53.2,3,6,3,1
2010,Cameroon,Greece,0,2,Greece,71,49,27.5,26.8,6,3,49.6,50.5,9,1,3,3
2010,Belgium,Argentina,2,3,Argentina,67,66,26.5,24.4,6,8,59.5,40.5,5,9,2,1
2010,Czech Republic,Nigeria,3,0,Czech Republic,47,36,29.4,27.5,6,5,40.1,48.3,6,3,0,1
2010,Germany,Ukraine,2,0,Germany,84,54,27.3,25.5,7,4,48.3,46.0,2,6,1,4
2010,Argentina,Ukraine,0,0,Draw,83,26,23.1,22.6,6,7,42.0,55.0,8,9,1,1
2010,Ukraine,Uruguay,2,0,Ukraine,35,75,24.8,29.4,1,7,50.2,44.2,9,3,4,1
2010,Japan,Uruguay,5,2,Japan,68,72,26.6,28.9,3,9,40.5,44.1,2,5,4,2
2010,Germany,Australia,1,4,Australia,69,40,27.6,27.1,2,9,48.1,43.8,6,5,1,1
2010,Germany,Japan,2,1,Germany,1,43,26.9,27.5,6,5,44.4,42.5,6,7,2,0
2010,Saudi Arabia,Poland,3,2,Saudi Arabia,68,22,29.4,29.1,8,8,50.7,46.2,8,4,2,3
2010,Nigeria,USA,1,0,Nigeria,12,20,23.1,27.4,3,1,59.9,57.7,5,4,3,2
2010,Ukraine,Portugal,0,2,Portugal,60,8,27.3,28.8,8,9,56.0,55.5,9,7,3,1
2010,Costa Rica,Brazil,0,2,Brazil,27,29,23.4,26.4,8,8,56.9,54.7,1,9,4,0
2010,Ecuador,Mexico,0,0,Draw,56,40,28.5,29.6,5,6,52.7,55.9,9,4,1,3
2010,Brazil,France,2,2,Draw,23,90,26.8,27.6,8,3,40.8,45.4,7,4,2,2
2010,Australia,Brazil,2,0,Australia,25,30,27.8,27.4,6,3,44.1,57.7,4,6,1,0
2010,Germany,Tunisia,1,1,Draw,21,81,25.3,24.5,5,8,58.5,42.7,3,6,0,1
2010,Iran,Costa Rica,1,2,Costa Rica,61,84,29.6,27.6,9,5,47.3,46.7,6,7,1,4
2010,Costa Rica,Colombia,2,1,Costa Rica,63,55,29.1,25.3,7,7,42.1,51.7,1,1,0,4
2010,Spain,Saudi Arabia,1,1,Draw,52,16,28.2,25.7,8,5,54.0,42.1,3,3,3,2
2010,Costa Rica,Turkey,0,1,Turkey,88,46,26.7,25.4,1,8,46.0,54.6,2,9,3,0
2010,France,Netherlands,1,1,Draw,25,62,28.2,24.9,2,4,45.4,47.7,9,6,4,3
2010,Croatia,Czech Republic,3,1,Croatia,55,7,25.6,31.2,8,2,60.0,55.7,3,6,1,0
2010,Japan,Iran,2,2,Draw,46,80,28.7,29.7,9,3,57.2,49.9,2,5,1,4
2010,Greece,Colombia,6,1,Greece,32,45,30.3,30.8,4,8,48.2,43.6,4,3,0,2
2010,Cameroon,Argentina,1,0,Cameroon,55,59,29.1,24.6,9,7,59.6,54.7,2,5,3,1
2010,Italy,Belgium,0,2,Belgium,96,56,25.5,27.1,4,2,53.0,45.0,1,1,0,0
2010,Colombia,Brazil,1,0,Colombia,5,48,27.7,24.4,9,6,54.8,49.8,6,3,3,4
2010,Spain,Italy,1,3,Italy,36,27,24.4,25.6,7,9,40.6,41.5,8,4,0,3
2010,Chile,Serbia,3,1,Chile,49,53,28.1,25.2,2,4,42.4,52.4,2,5,3,2
2010,Croatia,Serbia,2,0,Croatia,58,87,27.9,29.5,9,9,52.7,53.3,9,9,0,1
2010,Denmark,Japan,2,1,Denmark,39,88,23.3,26.2,4,2,58.0,47.6,3,4,3,0
2010,Ecuador,Nigeria,1,2,Nigeria,80,73,24.7,29.1,8,2,52.5,59.1,8,3,0,3
2010,Portugal,Sweden,2,0,Portugal,97,35,26.4,28.2,7,9,42.7,57.5,8,1,1,1
2010,Spain,Ukraine,2,0,Spain,85,51,26.4,31.6,7,7,42.3,54.2,3,6,4,4
2010,Denmark,Poland,3,2,Denmark,61,84,24.6,24.0,8,7,56.9,54.3,3,7,0,4
2010,Russia,USA,3,1,Russia,9,37,27.8,29.5,1,1,42.8,45.0,6,8,4,3
2010,Argentina,Germany,3,1,Argentina,6,81,27.5,29.3,5,6,50.4,53.1,1,1,1,4
2010,Switzerland,Croatia,3,2,Switzerland,35,95,26.6,25.1,2,7,40.7,44.0,4,4,1,2
2010,Senegal,Czech Republic,0,1,Czech Republic,39,57,25.5,29.0,2,6,41.6,42.9,1,5,3,3
2010,Australia,Greece,0,2,Greece,22,8,29.1,27.7,1,6,53.4,60.0,3,2,4,4
2010,Iran,Colombia,2,1,Iran,41,79,30.3,26.5,5,2,53.8,52.4,9,1,2,0
2010,Argentina,Greece,2,0,Argentina,5,95,26.0,25.4,2,6,46.8,48.6,5,8,3,4
2010,Australia,Colombia,1,4,Colombia,42,94,25.8,25.6,4,4,44.3,45.8,5,6,4,2
2010,Switzerland,South Korea,3,0,Switzerland,87,20,28.0,31.1,3,9,56.3,52.1,4,5,0,1
2010,Costa Rica,Serbia,0,0,Draw,81,53,26.3,27.0,3,1,44.3,41.0,3,9,0,1
2010,England,Sweden,0,1,Sweden,76,12,26.7,28.6,2,8,50.8,41.9,5,2,1,4
2010,Ecuador,Morocco,1,2,Morocco,87,49,28.5,25.4,6,5,59.4,40.7,4,8,2,1
2010,Tunisia,Colombia,2,2,Draw,80,17,23.2,25.4,2,1,43.0,50.0,8,9,0,4
2010,Czech Republic,Greece,1,2,Greece,67,64,29.6,29.2,8,4,58.8,52.0,4,1,4,2
2010,South Korea,Ecuador,1,2,Ecuador,30,42,27.1,24.3,8,1,43.7,41.2,8,7,4,1
2010,Tunisia,Cameroon,1,1,Draw,57,94,26.2,26.2,5,6,51.3,54.4,6,8,0,0
2010,Brazil,Sweden,3,2,Brazil,86,29,26.8,27.1,7,2,47.5,44.6,5,3,4,4
2010,Croatia,Serbia,3,1,Croatia,73,19,26.9,27.2,4,5,59.3,53.7,4,4,4,1
2010,Saudi Arabia,Japan,2,2,Draw,29,11,23.5,26.6,1,7,45.5,59.6,4,3,1,2
2010,Ghana,Italy,2,3,Italy,37,98,30.0,27.8,2,2,48.0,53.8,4,7,2,2
2010,Nigeria,Russia,3,2,Nigeria,87,50,27.1,28.4,4,6,59.7,57.7,9,9,1,0
2010,Turkey,France,1,1,Draw,13,71,27.9,28.5,1,6,50.7,59.0,4,3,2,2
2010,Serbia,Uruguay,2,2,Draw,32,58,28.9,25.0,8,5,50.1,49.7,9,6,4,2
2010,Paraguay,Japan,2,2,Draw,46,34,25.0,26.4,9,5,45.2,54.0,6,8,2,1
2010,England,Uruguay,2,3,Uruguay,23,20,27.9,29.4,4,3,54.0,57.0,7,6,4,4
2010,Denmark,Japan,1,2,Japan,45,50,26.5,28.8,3,2,40.3,47.1,3,2,4,3
2010,Iran,Switzerland,1,1,Draw,17,88,28.7,24.3,2,7,41.0,45.2,8,7,1,2
2010,Germany,Cameroon,2,1,Germany,85,10,22.7,27.7,5,1,52.0,58.9,3,2,1,2
2010,Brazil,Italy,1,2,Italy,66,32,26.8,23.0,3,6,46.8,54.5,1,2,3,3
2010,Belgium,Colombia,1,2,Colombia,6,52,25.8,27.1,7,6,59.1,44.4,5,2,0,2
2010,Italy,Spain,2,1,Italy,18,15,27.9,30.8,6,3,58.1,49.0,2,1,3,1
2010,Ukraine,Germany,2,2,Draw,94,84,27.9,25.1,1,2,54.3,55.9,6,1,3,1
2010,Costa Rica,Mexico,1,1,Draw,22,3,25.6,25.3,8,2,56.4,50.9,9,7,2,3
2010,Portugal,Croatia,2,0,Portugal,33,37,25.6,28.5,2,9,53.3,53.0,1,5,4,2
2010,Paraguay,Nigeria,2,1,Paraguay,30,40,26.8,23.9,5,5,42.5,55.1,4,3,4,2
2010,Australia,Denmark,3,0,Australia,81,72,25.2,25.7,9,7,55.3,52.4,1,1,4,4
2010,Denmark,Turkey,1,1,Draw,32,40,28.7,28.2,8,5,44.2,50.8,1,6,0,2
2010,Argentina,Croatia,1,0,Argentina,42,56,26.3,25.7,2,7,46.5,55.0,8,1,2,1
2014,Switzerland,Denmark,3,1,Switzerland,78,23,21.2,26.5,9,4,56.4,54.6,2,9,2,0
2014,Cameroon,Netherlands,3,3,Draw,10,11,26.3,28.5,5,8,50.7,52.6,1,2,4,0
2014,Ecuador,France,1,2,France,36,64,24.9,27.8,6,7,57.2,47.2,8,1,3,0
2014,Cameroon,Tunisia,1,2,Tunisia,34,8,23.7,27.5,3,5,44.3,48.1,4,7,0,0
2014,Croatia,France,1,4,France,73,93,24.5,26.3,3,6,52.2,59.4,3,6,3,2
2014,Netherlands,Ghana,0,1,Ghana,28,94,27.2,27.7,8,5,41.7,42.2,4,6,1,2
2014,Senegal,Argentina,0,0,Draw,11,56,29.7,26.8,2,7,52.9,45.4,5,5,2,4
2014,Greece,Costa Rica,0,0,Draw,78,60,27.6,27.9,2,2,55.3,49.8,1,4,2,2
2014,Tunisia,Argentina,2,1,Tunisia,39,10,25.8,26.0,5,5,51.7,56.7,1,4,3,0
2014,Switzerland,Morocco,2,0,Switzerland,47,39,27.9,26.6,6,3,45.3,43.3,3,3,0,3
2014,Paraguay,Russia,2,0,Paraguay,19,28,26.1,25.0,2,9,40.6,45.5,6,8,2,3
2014,Ghana,Costa Rica,1,5,Costa Rica,15,49,25.6,26.9,5,6,42.4,41.3,1,7,3,1
2014,Paraguay,Australia,1,1,Draw,28,36,24.7,25.4,7,3,52.4,54.1,2,9,0,1
2014,Ghana,Poland,0,0,Draw,24,13,23.5,24.8,8,7,58.7,44.8,7,1,3,2
2014,Russia,Italy,0,1,Italy,72,96,26.2,27.5,7,4,44.1,47.8,1,7,0,3
2014,South Korea,South Korea,0,1,South Korea,9,36,27.3,27.4,8,3,54.7,48.9,7,4,4,0
2014,South Korea,Saudi Arabia,2,2,Draw,47,26,26.8,28.6,9,8,57.3,57.8,4,7,0,0
2014,Germany,Chile,0,0,Draw,33,86,26.2,26.1,5,4,50.4,48.2,6,1,1,0
2014,Paraguay,Poland,1,0,Paraguay,62,4,25.1,27.8,5,1,53.4,42.9,8,5,4,2
2014,Denmark,Spain,2,2,Draw,97,95,28.2,28.1,4,6,56.3,50.5,9,3,3,2
2014,Senegal,Brazil,3,1,Senegal,19,82,24.4,27.9,9,1,45.2,59.3,6,5,4,4
2014,Ecuador,Italy,1,1,Draw,67,64,28.6,25.3,5,5,45.9,52.2,9,4,4,0
2014,France,Belgium,2,2,Draw,74,38,25.0,27.3,2,7,40.0,59.7,4,2,3,0
2014,Ecuador,Iran,6,2,Ecuador,40,88,25.5,27.7,8,6,59.3,56.8,6,4,3,2
2014,USA,Colombia,1,0,USA,47,87,24.1,27.0,7,2,58.4,40.7,8,3,1,2
2014,Poland,USA,1,0,Poland,65,22,26.0,22.8,8,4,55.3,53.2,9,1,3,4
2014,Switzerland,Iran,3,0,Switzerland,29,2,29.0,27.3,3,2,41.6,45.7,3,8,2,4
2014,Netherlands,Morocco,1,2,Morocco,50,31,28.0,31.4,4,1,49.0,51.2,2,5,2,1
2014,England,Portugal,3,0,England,98,11,29.0,26.3,5,3,42.0,45.6,6,4,1,3
2014,Argentina,Iran,3,0,Argentina,13,92,28.0,25.5,6,3,40.3,47.0,4,5,0,0
2014,Japan,Chile,1,0,Japan,1,46,24.8,27.7,1,7,52.3,58.5,1,4,0,0
2014,Ecuador,Serbia,1,2,Serbia,34,96,26.3,27.6,4,1,59.2,44.1,8,3,2,4
2014,Belgium,Japan,2,2,Draw,93,62,25.4,29.4,5,9,58.1,57.5,9,5,3,4
2014,Chile,Iran,1,2,Iran,48,69,29.7,24.5,7,6,53.9,40.6,9,4,1,1
2014,Chile,Senegal,2,1,Chile,77,64,24.6,28.5,5,4,41.9,41.8,2,1,0,3
2014,Serbia,Brazil,0,0,Draw,48,10,28.8,28.2,1,3,45.5,57.1,9,3,0,1
2014,Greece,Netherlands,1,1,Draw,49,40,28.8,26.7,7,3,46.4,52.6,7,8,4,3
2014,Greece,Paraguay,3,1,Greece,64,24,30.7,27.7,8,2,55.3,54.9,5,7,2,0
2014,Netherlands,Sweden,4,2,Netherlands,61,99,26.2,29.1,7,2,56.0,44.2,7,2,3,1
2014,Morocco,Chile,0,0,Draw,29,44,28.4,28.7,4,5,47.7,50.7,9,1,1,4
2014,Morocco,USA,1,3,USA,39,60,31.6,24.7,8,9,48.4,54.7,8,3,0,1
2014,Colombia,Iran,1,1,Draw,88,62,25.8,28.6,5,2,40.9,52.5,6,5,4,1
2014,Poland,Saudi Arabia,3,0,Poland,26,87,23.9,26.9,9,2,45.8,49.4,4,1,2,0
2014,Serbia,Nigeria,3,3,Draw,17,17,23.2,27.1,5,6,49.0,59.2,1,3,2,4
2014,Ecuador,USA,3,1,Ecuador,71,65,28.4,27.1,1,2,42.3,53.5,6,3,1,4
2014,Saudi Arabia,Cameroon,1,2,Cameroon,13,95,23.2,26.7,9,4,49.1,58.2,3,5,0,2
2014,Ecuador,Germany,0,2,Germany,69,95,26.3,29.4,5,6,57.1,54.6,6,3,1,2
2014,Italy,Iran,2,2,Draw,26,57,27.9,26.8,6,5,51.6,54.7,6,9,1,2
2014,Australia,USA,3,3,Draw,49,55,27.4,24.8,4,1,41.6,41.6,4,1,4,0
2014,France,England,4,2,France,67,53,27.9,26.2,6,6,43.8,47.2,2,4,2,1
2014,Paraguay,Argentina,0,0,Draw,7,56,27.4,27.4,8,1,49.5,57.2,9,4,3,4
2014,Japan,Nigeria,2,3,Nigeria,58,98,29.6,29.5,3,3,47.2,44.7,2,1,2,4
2014,Saudi Arabia,South Korea,2,0,Saudi Arabia,49,9,25.1,28.2,5,5,47.2,42.3,3,2,2,1
2014,Serbia,Greece,2,0,Serbia,53,22,25.6,25.3,2,5,50.6,46.5,1,1,4,4
2014,Russia,Paraguay,2,1,Russia,65,13,25.5,32.0,2,6,51.7,44.4,7,6,3,1
2014,Spain,Sweden,0,0,Draw,62,89,28.7,27.5,7,8,55.9,58.5,1,3,0,0
2014,Paraguay,Ghana,0,0,Draw,17,48,28.8,29.6,6,5,46.8,57.4,9,7,3,0
2014,Ukraine,Ukraine,2,2,Draw,43,18,27.9,26.7,4,1,56.1,50.0,1,5,0,0
2014,Cameroon,Saudi Arabia,2,3,Saudi Arabia,25,76,29.4,28.1,5,5,46.8,41.2,5,9,3,1
2014,Russia,Uruguay,3,1,Russia,3,40,24.6,28.7,1,3,41.1,54.3,7,7,1,1
2014,Turkey,Czech Republic,1,2,Czech Republic,79,17,30.3,29.4,7,4,51.1,52.5,3,4,3,3
2014,Paraguay,Japan,5,2,Paraguay,29,15,30.0,29.1,8,8,51.8,59.4,9,5,4,4
2014,Ecuador,Czech Republic,1,1,Draw,32,15,28.5,28.7,9,7,58.7,51.2,8,5,0,4
2014,Poland,Chile,1,1,Draw,26,79,30.6,26.4,8,5,54.5,46.7,3,5,2,3
2014,Costa Rica,Iran,2,1,Costa Rica,16,63,23.7,25.9,5,2,58.4,50.4,5,9,4,3
2014,Nigeria,Ghana,1,4,Ghana,25,39,26.0,27.7,3,6,58.2,59.6,7,3,0,0
2014,Ecuador,Japan,0,0,Draw,54,13,25.5,28.9,9,6,52.1,53.9,4,6,0,3
2014,Argentina,Mexico,1,2,Mexico,28,81,28.4,26.6,6,6,50.6,53.4,5,8,2,1
2014,South Korea,Switzerland,1,2,Switzerland,73,32,24.9,29.1,5,9,51.1,44.8,3,9,1,2
2014,Ghana,Ghana,0,2,Ghana,56,9,28.5,29.9,3,8,59.6,54.9,9,7,4,1
2014,Turkey,France,1,0,Turkey,65,40,29.7,25.2,6,8,55.5,55.0,9,3,2,3
2014,Argentina,Uruguay,2,0,Argentina,93,20,28.4,25.3,3,1,42.1,46.3,7,1,2,4
2014,Tunisia,Argentina,1,3,Argentina,86,90,27.6,26.7,6,5,55.6,49.7,2,4,1,1
2014,Cameroon,South Korea,2,0,Cameroon,80,91,25.0,27.6,4,7,43.4,45.9,7,6,4,4
2014,Costa Rica,Senegal,3,1,Costa Rica,41,85,25.3,26.0,2,6,48.9,45.2,7,3,2,1
2014,Chile,Chile,2,4,Chile,51,82,29.5,29.7,8,5,44.2,40.5,5,1,1,4
2014,Nigeria,Colombia,1,1,Draw,71,77,28.6,27.8,4,8,53.8,45.7,9,6,4,1
2014,Germany,Netherlands,3,1,Germany,78,80,26.9,27.1,9,3,57.5,51.1,3,1,3,4
2014,Morocco,Tunisia,0,2,Tunisia,29,73,26.2,24.1,7,6,45.8,40.0,4,9,0,2
2014,Germany,Australia,1,2,Australia,83,63,22.9,24.4,2,5,41.6,45.7,1,1,1,0
2018,Iran,Ukraine,2,0,Iran,19,76,24.9,27.6,4,8,46.0,57.6,6,6,0,1
2018,Japan,Spain,1,0,Japan,66,44,30.8,22.7,5,4,53.4,51.9,4,1,3,2
2018,Tunisia,Iran,0,0,Draw,41,38,24.4,29.0,3,8,46.6,52.2,1,7,2,0
2018,Ecuador,Colombia,1,2,Colombia,45,83,27.4,26.7,9,2,45.6,48.1,2,3,2,1
2018,Portugal,Spain,2,1,Portugal,15,60,29.0,33.5,5,9,43.7,53.5,3,6,4,2
2018,Czech Republic,Ukraine,1,0,Czech Republic,3,71,24.5,31.6,2,9,50.0,43.8,9,7,1,2
2018,Russia,Ecuador,3,1,Russia,11,99,27.4,26.6,3,6,45.5,56.4,8,1,1,2
2018,Iran,Chile,1,1,Draw,53,48,28.9,26.8,9,4,54.6,42.3,7,1,4,3
2018,Paraguay,Poland,1,0,Paraguay,46,18,27.0,29.0,7,4,41.5,53.1,4,5,0,4
2018,Ghana,Spain,2,2,Draw,30,16,32.7,30.4,2,6,53.3,46.8,1,6,2,0
2018,Cameroon,Spain,1,3,Spain,57,55,23.7,23.7,9,5,44.8,55.0,8,9,2,4
2018,Mexico,France,1,2,France,18,39,29.1,23.4,4,6,49.8,51.0,4,1,1,4
2018,England,Serbia,2,0,England,51,68,26.7,25.8,9,7,45.7,49.0,3,4,1,4
2018,Senegal,Croatia,1,0,Senegal,48,59,28.5,28.2,2,7,54.5,43.4,9,8,4,2
2018,Switzerland,Serbia,1,0,Switzerland,66,89,27.9,28.0,4,9,58.9,52.7,4,9,3,4
2018,Brazil,Turkey,3,4,Turkey,96,96,25.5,29.1,5,8,58.3,59.5,4,3,0,3
2018,Netherlands,Cameroon,0,0,Draw,8,62,27.5,24.6,2,6,51.7,56.5,9,2,3,1
2018,Denmark,Portugal,0,3,Portugal,22,13,23.3,22.4,1,6,49.3,41.2,2,4,3,2
2018,USA,Argentina,1,2,Argentina,6,81,28.2,28.7,7,5,56.4,47.5,5,2,1,0
2018,Belgium,Turkey,1,2,Turkey,76,6,27.6,25.3,1,1,53.7,58.5,4,1,1,1
2018,Nigeria,Tunisia,1,4,Tunisia,57,83,28.3,23.0,8,9,43.7,50.1,9,3,1,1
2018,Sweden,Ukraine,2,0,Sweden,36,77,29.1,27.3,3,9,56.4,53.2,5,7,3,1
2018,Saudi Arabia,Senegal,1,3,Senegal,79,60,27.7,28.6,6,9,48.6,58.3,9,1,0,4
2018,Colombia,Cameroon,3,3,Draw,92,90,27.3,26.8,7,8,43.8,57.5,9,2,1,4
2018,Germany,Turkey,1,2,Turkey,57,14,25.2,26.1,1,3,45.6,50.0,2,1,2,2
2018,Costa Rica,Spain,3,3,Draw,49,95,25.6,26.7,6,1,45.4,48.8,9,8,0,4
2018,Nigeria,Germany,1,0,Nigeria,45,54,29.4,26.3,7,8,50.4,46.8,3,5,2,4
2018,Chile,Switzerland,0,0,Draw,82,4,29.9,24.3,6,7,44.7,54.4,4,8,0,4
2018,Ghana,Saudi Arabia,2,1,Ghana,66,39,26.5,25.6,4,5,42.5,45.7,1,3,1,2
2018,Chile,Croatia,0,1,Croatia,77,72,27.1,28.0,1,7,42.5,45.0,1,7,4,2
2018,Chile,France,1,5,France,45,25,25.2,27.6,9,4,51.7,47.1,1,8,1,3
2018,Spain,Sweden,3,0,Spain,79,77,29.3,27.3,4,9,54.7,43.5,9,6,3,3
2018,Sweden,Spain,1,1,Draw,20,32,28.3,25.0,7,2,46.4,53.9,8,7,3,3
2018,Ukraine,Serbia,0,3,Serbia,64,59,30.9,26.6,7,9,40.7,52.3,5,2,0,3
2018,Ecuador,Greece,4,0,Ecuador,93,63,25.2,22.6,2,9,42.5,49.7,5,8,3,1
2018,Netherlands,Germany,1,2,Germany,93,38,26.2,27.4,1,5,58.3,47.8,9,5,1,1
2018,Italy,Sweden,2,1,Italy,67,92,27.5,29.9,8,1,49.9,58.2,3,7,2,3
2018,Czech Republic,Croatia,0,2,Croatia,83,53,28.3,24.1,8,7,49.1,40.6,3,1,1,3
2018,France,Netherlands,1,2,Netherlands,3,94,26.6,25.8,7,4,40.8,55.4,7,5,0,0
2018,Spain,Iran,3,2,Spain,54,67,25.3,27.7,8,9,54.6,58.0,9,1,3,1
2018,Costa Rica,Italy,1,0,Costa Rica,78,28,28.8,29.5,3,6,50.6,48.9,6,8,2,0
2018,Serbia,Spain,0,0,Draw,64,3,28.4,26.1,2,3,44.0,51.0,2,4,4,0
2018,Paraguay,Iran,1,0,Paraguay,40,98,25.2,25.6,7,6,42.2,58.9,1,4,2,4
2018,Tunisia,France,1,2,France,59,80,29.7,23.1,8,6,47.7,44.2,2,2,2,2
2018,Denmark,Australia,0,1,Australia,55,22,29.3,27.2,1,5,56.7,50.4,1,5,1,1
2018,Mexico,Switzerland,0,4,Switzerland,62,96,27.3,31.1,9,2,57.3,49.5,9,1,4,3
2018,Serbia,Ecuador,3,1,Serbia,4,38,27.2,27.6,4,2,52.1,45.2,8,9,0,3
2018,Australia,Switzerland,1,3,Switzerland,60,72,28.1,27.0,4,7,54.6,56.4,7,5,0,2
2018,Japan,Belgium,0,4,Belgium,75,72,25.3,27.6,3,2,42.3,58.0,3,6,2,1
2018,Australia,Brazil,1,2,Brazil,95,62,27.1,27.0,6,6,51.8,55.6,8,2,2,3
2018,Saudi Arabia,Iran,0,1,Iran,96,57,22.7,25.4,1,5,53.3,43.9,2,1,3,3
2018,Iran,USA,3,2,Iran,91,6,28.8,28.6,6,4,44.0,41.7,2,4,4,4
2018,Ukraine,Greece,1,0,Ukraine,30,78,23.9,27.5,2,7,57.6,52.1,3,7,2,0
2018,Iran,Ukraine,0,2,Ukraine,2,32,30.0,27.0,9,8,43.9,41.1,7,6,3,3
2018,Nigeria,Croatia,4,1,Nigeria,62,99,26.3,25.0,2,4,46.3,53.5,1,1,4,1
2018,Portugal,Senegal,2,3,Senegal,49,10,26.6,29.6,7,1,52.4,50.6,8,1,0,2
2018,Belgium,Mexico,1,2,Mexico,9,3,25.7,28.3,1,1,52.8,53.3,7,8,3,4
2018,Brazil,Argentina,2,0,Brazil,92,59,26.4,25.9,7,1,54.0,51.8,4,4,4,1
2018,Brazil,Ecuador,0,0,Draw,31,76,29.8,29.0,5,1,42.2,48.5,5,5,3,4
2018,Colombia,Spain,2,1,Colombia,98,49,22.0,26.0,8,5,57.0,44.0,1,7,2,0
2018,Costa Rica,Uruguay,1,2,Uruguay,61,59,29.6,25.4,4,4,50.7,46.1,4,8,1,3
2018,Ghana,Italy,1,1,Draw,79,31,27.7,25.5,7,9,49.4,50.5,1,7,0,1
2018,Tunisia,Nigeria,2,4,Nigeria,48,93,24.6,23.5,6,3,59.6,53.0,1,2,2,2
2018,Brazil,Uruguay,0,2,Uruguay,25,69,24.8,27.9,5,7,54.8,55.6,1,4,2,0
2018,Denmark,Germany,0,1,Germany,36,62,30.4,23.3,4,8,42.4,55.3,7,1,4,0
2018,Czech Republic,Mexico,1,1,Draw,8,52,25.1,24.5,7,6,55.1,59.5,7,9,3,4
2018,Italy,Tunisia,2,2,Draw,73,89,24.7,22.8,5,1,41.9,45.7,4,3,0,0
2018,Chile,Germany,0,1,Germany,58,41,29.3,26.8,5,8,40.5,41.4,2,3,2,1
2018,Russia,Switzerland,0,1,Switzerland,45,31,27.7,26.7,1,3,48.1,46.9,3,9,4,4
2018,Argentina,Brazil,1,3,Brazil,62,85,25.1,26.3,2,8,59.9,54.9,8,3,0,0
2018,Belgium,Ukraine,4,4,Draw,39,84,27.4,24.9,5,4,43.5,48.8,8,8,3,2
2018,Iran,Portugal,1,0,Iran,96,22,24.9,24.7,3,8,53.5,56.4,6,2,2,1
2018,Denmark,Japan,0,0,Draw,58,4,29.2,27.9,2,1,43.5,51.0,9,3,2,2
2018,Ukraine,Portugal,3,1,Ukraine,81,13,29.1,25.9,4,3,54.5,58.6,9,2,2,2
2018,Chile,Croatia,2,1,Chile,99,45,28.1,27.6,4,6,50.1,59.0,4,1,0,4
2018,Russia,Sweden,3,0,Russia,83,42,27.7,25.2,4,9,53.6,41.4,1,2,0,3
2018,USA,Cameroon,1,2,Cameroon,64,49,30.5,27.4,4,2,44.1,49.1,1,8,0,4
2018,Saudi Arabia,Greece,3,1,Saudi Arabia,44,20,27.0,29.6,3,1,54.9,52.2,5,9,0,1
2018,Italy,Paraguay,2,2,Draw,29,77,24.6,28.2,7,3,59.9,45.1,2,2,4,1
2018,Serbia,Serbia,0,2,Serbia,59,81,27.9,26.2,9,4,53.3,48.1,6,7,1,4
2022,Italy,Turkey,3,0,Italy,71,54,31.2,27.5,5,5,49.9,53.6,7,5,4,3
2022,Belgium,Italy,0,0,Draw,92,36,25.0,26.5,4,3,58.5,44.5,1,3,2,4
2022,Denmark,USA,1,2,USA,9,97,26.3,27.0,2,2,40.3,52.0,6,9,4,1
2022,Iran,Croatia,5,2,Iran,92,1,27.8,26.3,2,2,54.6,53.9,8,6,3,3
2022,Iran,Portugal,2,1,Iran,6,15,26.9,26.7,5,7,57.8,41.8,5,1,0,1
2022,Poland,Colombia,0,0,Draw,29,77,25.0,27.4,7,9,41.2,50.0,7,5,3,3
2022,Czech Republic,Belgium,1,0,Czech Republic,58,17,29.2,25.0,9,2,49.0,45.3,6,7,3,3
2022,Senegal,Paraguay,3,0,Senegal,17,24,31.6,25.0,7,7,44.1,54.5,4,4,2,4
2022,Ecuador,Paraguay,2,2,Draw,16,58,27.4,24.2,5,7,51.3,43.8,7,8,0,4
2022,Serbia,Brazil,1,0,Serbia,87,72,25.2,23.8,6,7,53.0,57.8,9,5,3,4
2022,Ukraine,Tunisia,0,1,Tunisia,95,91,23.9,24.6,3,3,46.1,48.6,7,9,2,3
2022,Nigeria,Chile,3,1,Nigeria,3,23,27.5,27.3,5,7,49.2,44.0,5,9,0,3
2022,Uruguay,Russia,0,4,Russia,21,46,29.2,25.2,8,1,45.6,48.8,7,9,1,1
2022,Italy,Netherlands,1,0,Italy,64,72,28.0,28.0,1,1,47.4,48.2,3,1,2,2
2022,Senegal,Croatia,3,0,Senegal,90,8,27.0,27.1,1,5,43.2,48.6,2,2,4,4
2022,Colombia,Ukraine,0,2,Ukraine,36,59,25.8,23.1,7,2,57.7,51.7,5,3,0,1
2022,Turkey,USA,0,0,Draw,86,90,24.8,28.3,5,9,40.2,50.4,4,4,3,1
2022,Uruguay,Serbia,0,2,Serbia,62,59,28.7,28.6,5,7,57.6,43.0,5,9,3,0
2022,Australia,Paraguay,1,1,Draw,42,13,28.8,25.0,1,4,51.4,41.3,8,6,4,4
2022,Costa Rica,Poland,1,1,Draw,76,39,23.9,27.8,9,4,46.6,54.6,4,1,4,1
2022,Brazil,Ukraine,1,0,Brazil,42,28,30.2,25.3,1,2,54.5,51.2,9,9,3,0
2022,Italy,Italy,2,1,Italy,61,89,28.1,27.2,5,5,50.2,47.2,7,6,0,4
2022,France,Australia,1,2,Australia,13,61,29.8,24.5,9,4,50.0,56.2,7,4,2,3
2022,Denmark,USA,2,2,Draw,11,16,24.3,23.4,4,1,42.2,47.8,8,4,4,0
2022,Cameroon,Iran,2,3,Iran,54,2,24.3,26.2,8,8,47.8,55.9,6,3,4,3
2022,Denmark,France,1,2,France,16,82,26.7,26.8,6,3,44.8,46.1,8,7,4,2
2022,Germany,Ghana,3,0,Germany,8,17,28.0,26.2,3,6,40.3,41.5,3,3,1,2
2022,Saudi Arabia,Ghana,0,0,Draw,59,30,30.6,24.6,4,4,47.2,58.7,1,2,0,2
2022,Costa Rica,South Korea,2,1,Costa Rica,57,13,28.4,26.2,2,9,41.8,47.9,6,8,0,2
2022,Morocco,Tunisia,2,0,Morocco,40,96,26.5,27.5,1,7,45.1,55.9,1,4,0,1
2022,Switzerland,Netherlands,1,1,Draw,59,93,24.9,26.9,8,9,41.9,45.6,9,8,0,2
2022,Cameroon,Czech Republic,2,0,Cameroon,2,94,29.5,27.4,1,3,42.0,52.9,2,1,0,1
2022,Belgium,Tunisia,1,0,Belgium,94,82,25.1,25.7,1,1,44.0,57.5,2,5,3,1
2022,Paraguay,USA,3,0,Paraguay,94,13,30.3,29.3,4,5,60.0,40.8,7,9,4,4
2022,Ecuador,Costa Rica,0,0,Draw,76,43,26.4,24.6,6,3,40.0,56.6,2,1,3,1
2022,Ecuador,Greece,0,1,Greece,10,85,30.2,28.0,9,6,52.8,51.4,8,4,1,1
2022,Ukraine,Ecuador,2,0,Ukraine,44,94,28.4,29.4,1,8,42.8,52.1,6,6,2,2
2022,Belgium,Nigeria,0,2,Nigeria,11,21,26.7,28.0,7,4,58.4,50.5,7,8,4,1
2022,Argentina,Sweden,4,1,Argentina,79,55,26.0,26.6,5,5,41.9,57.5,7,3,1,3
2022,Brazil,Ecuador,0,1,Ecuador,80,81,26.3,25.9,8,5,59.1,40.9,6,5,3,2
2022,Ecuador,Ghana,2,2,Draw,81,40,27.9,29.1,7,4,52.2,45.2,9,7,2,0
2022,Tunisia,Japan,4,1,Tunisia,90,83,27.2,24.2,4,4,40.0,57.5,9,1,1,2
2022,Uruguay,Ecuador,3,3,Draw,2,15,25.8,25.1,4,4,57.9,55.0,7,7,2,1
2022,Russia,Germany,1,1,Draw,50,73,26.7,26.2,6,4,50.4,40.4,9,8,1,3
2022,Mexico,USA,5,2,Mexico,12,52,27.2,29.5,6,4,45.3,50.3,3,8,3,2
2022,Belgium,Tunisia,1,1,Draw,90,74,22.7,27.8,9,5,55.3,50.6,3,9,2,3
2022,Turkey,Tunisia,2,1,Turkey,23,95,27.9,25.1,5,2,58.5,48.0,1,6,1,0
2022,Germany,Czech Republic,0,3,Czech Republic,18,53,25.0,26.4,8,2,49.7,45.9,5,6,3,0
2022,Paraguay,Spain,0,3,Spain,62,87,24.7,25.8,5,9,46.3,53.6,4,2,4,4
2022,Nigeria,Spain,1,1,Draw,96,52,23.6,25.6,2,2,55.8,44.2,2,3,3,4
2022,Japan,Argentina,0,1,Argentina,62,30,23.4,29.0,6,6,53.6,56.0,9,4,3,2
2022,Iran,England,0,1,England,38,33,24.3,24.3,9,2,57.8,56.1,3,4,4,4
2022,Netherlands,Netherlands,0,3,Netherlands,67,57,25.6,30.2,3,5,53.9,48.3,8,8,3,3
2022,Russia,Sweden,0,0,Draw,38,52,30.9,28.7,1,4,44.9,45.7,6,1,4,4
2022,Iran,Russia,1,0,Iran,67,9,25.9,29.2,1,7,58.6,45.7,5,4,4,3
2022,Uruguay,Ecuador,3,0,Uruguay,94,54,27.4,26.1,3,7,42.1,49.6,1,4,4,4
2022,Iran,Serbia,1,1,Draw,61,1,27.8,26.7,5,6,45.4,54.4,4,1,1,4
2022,Colombia,Czech Republic,0,2,Czech Republic,1,44,27.3,24.1,3,5,50.4,47.2,3,3,2,4
2022,England,Morocco,2,2,Draw,94,99,26.8,26.0,9,1,51.3,52.2,1,5,1,1
2022,France,Senegal,0,1,Senegal,45,75,24.6,28.0,8,3,40.3,47.6,5,6,4,1
2022,Croatia,Russia,1,1,Draw,96,98,29.9,29.6,3,9,55.6,46.1,6,9,2,4
2022,Russia,Greece,0,0,Draw,28,80,30.6,24.8,9,1,47.2,40.5,2,9,2,3
2022,Senegal,Ecuador,3,0,Senegal,21,9,23.6,26.3,6,5,48.1,40.1,3,9,4,2
2022,Ghana,Ukraine,2,2,Draw,13,32,25.0,26.7,7,2,56.2,44.5,6,1,2,0
2022,Poland,Morocco,0,1,Morocco,27,15,26.4,24.2,4,4,47.6,48.1,4,9,2,1
2022,Senegal,Ecuador,1,4,Ecuador,7,12,25.1,28.2,4,1,40.9,57.0,9,8,1,4
2022,Uruguay,France,1,2,France,22,97,28.0,25.6,2,3,43.5,56.0,5,2,2,0
2022,Ukraine,Chile,3,2,Ukraine,74,78,25.5,26.6,5,7,59.1,45.3,4,1,4,1
2022,Portugal,Germany,0,2,Germany,53,57,31.3,26.1,8,3,41.4,44.9,2,1,0,2
2022,Cameroon,Uruguay,2,0,Cameroon,79,8,29.4,25.4,7,4,47.1,44.5,6,6,0,3
2022,Paraguay,Italy,5,1,Paraguay,79,72,27.4,27.0,7,2,50.1,46.8,2,9,0,4
2022,Paraguay,Uruguay,2,1,Paraguay,4,27,29.1,26.6,6,3,49.9,50.0,7,7,4,2
2022,Senegal,Ecuador,3,2,Senegal,96,62,29.2,26.3,3,9,40.1,48.8,3,5,0,1
2022,South Korea,Greece,2,2,Draw,23,12,25.9,25.5,5,3,50.0,44.4,9,2,1,4
2022,Czech Republic,Mexico,1,0,Czech Republic,70,65,25.4,27.6,1,5,47.7,42.6,5,1,4,0
2022,Costa Rica,Turkey,1,1,Draw,88,42,27.2,30.3,7,2,59.4,40.3,8,2,4,3
2022,Cameroon,Senegal,1,1,Draw,84,62,28.7,27.3,9,4,43.2,43.1,6,1,4,1
2022,Nigeria,Cameroon,3,1,Nigeria,84,11,27.3,29.0,1,7,47.1,54.1,8,3,2,3
2022,Costa Rica,Sweden,3,1,Costa Rica,76,43,23.8,24.2,2,7,48.4,44.9,3,6,2,4
2022,Ukraine,Russia,0,2,Russia,33,95,25.4,27.3,3,3,47.8,49.4,3,8,2,2
