Year,Team1,Team2,Goals_Team1,Goals_Team2,FIFA_Ranking_Team1,FIFA_Ranking_Team2,Avg_Age_Team1,Avg_Age_Team2,Experience_Team1,Experience_Team2,Possession_Team1,Possession_Team2,Shots_On_Target_T1,Shots_On_Target_T2,Past_WC_Performance_T1,Past_WC_Performance_T2,Winner,Team1_Win,Goal_Diff,Rank_Diff,Age_Diff,Exp_Diff,Poss_Diff,ShotsOT_Diff,PastPerf_Diff
2002,Czech Republic,Belgium,2,0,6,84,29.9,29.0,9,9,53.8,43.9,4,9,5,4,Czech Republic,1,2,78,0.8999999999999986,0,9.899999999999999,-5,1
2002,Russia,Mexico,1,0,79,76,25.8,27.5,4,5,45.7,46.3,5,5,0,2,Russia,1,1,-3,-1.6999999999999993,-1,-0.5999999999999943,0,-2
2002,Sweden,Nigeria,3,2,27,33,27.7,23.3,1,4,53.9,52.4,0,7,3,5,Sweden,1,1,6,4.399999999999999,-3,1.5,-7,-2
2002,Netherlands,Ghana,3,0,10,28,26.1,28.8,1,2,46.1,52.8,5,8,4,1,Netherlands,1,3,18,-2.6999999999999993,-1,-6.699999999999996,-3,3
2002,Poland,Paraguay,1,0,73,8,28.5,27.4,5,2,55.2,54.0,1,5,5,0,Poland,1,1,-65,1.1000000000000014,3,1.2000000000000028,-4,5
2002,Czech Republic,Serbia,2,0,97,1,24.8,29.8,2,5,52.4,42.2,5,10,2,4,Czech Republic,1,2,-96,-5.0,-3,10.199999999999996,-5,-2
2002,Australia,Japan,0,0,96,37,28.5,27.2,8,7,41.5,57.0,8,8,2,0,Draw,0,0,-59,1.3000000000000007,1,-15.5,0,2
2002,Nigeria,Switzerland,1,0,48,63,27.2,25.4,10,10,50.3,50.7,7,3,5,1,Nigeria,1,1,15,1.8000000000000007,0,-0.4000000000000057,4,4
2002,Croatia,Ghana,1,0,70,22,25.7,26.6,5,10,46.9,49.4,8,5,1,4,Croatia,1,1,-48,-0.9000000000000021,-5,-2.5,3,-3
2002,Croatia,Chile,2,2,59,70,26.7,28.6,5,9,46.6,59.6,9,7,4,4,Draw,0,0,11,-1.9000000000000021,-4,-13.0,2,0
2002,Cameroon,Mexico,2,2,100,21,30.1,25.5,2,7,52.0,54.8,7,8,1,5,Draw,0,0,-79,4.600000000000001,-5,-2.799999999999997,-1,-4
2002,Senegal,Australia,0,0,59,96,27.3,26.1,7,5,46.4,42.4,2,2,2,0,Draw,0,0,37,1.1999999999999993,2,4.0,0,2
2002,Tunisia,Senegal,0,1,2,35,25.6,26.6,8,10,55.5,55.1,7,1,3,5,Senegal,0,-1,33,-1.0,-2,0.3999999999999986,6,-2
2002,Cameroon,Belgium,0,2,29,79,24.6,24.7,10,10,41.4,41.9,5,5,5,3,Belgium,0,-2,50,-0.09999999999999787,0,-0.5,0,2
2002,Argentina,Australia,2,1,68,5,28.0,25.5,1,10,53.2,40.5,5,3,0,0,Argentina,1,1,-63,2.5,-9,12.700000000000003,2,0
2002,Chile,Belgium,1,0,65,60,27.4,27.3,2,6,56.2,48.1,5,0,2,0,Chile,1,1,-5,0.09999999999999787,-4,8.100000000000001,5,2
2002,Germany,Portugal,0,0,83,46,28.4,29.4,10,3,53.5,59.9,2,7,4,3,Draw,0,0,-37,-1.0,7,-6.399999999999999,-5,1
2002,Cameroon,England,2,2,26,50,24.1,27.6,4,5,49.9,43.5,9,8,2,1,Draw,0,0,24,-3.5,-1,6.399999999999999,1,1
2002,Serbia,Saudi Arabia,1,2,89,48,24.7,26.9,5,8,59.0,53.5,0,8,4,1,Saudi Arabia,0,-1,-41,-2.1999999999999993,-3,5.5,-8,3
2002,Greece,USA,2,2,10,6,29.3,25.3,2,1,46.0,43.5,3,1,4,4,Draw,0,0,-4,4.0,1,2.5,2,0
2002,Germany,Turkey,2,1,53,89,27.7,29.2,1,1,40.4,54.5,9,8,5,2,Germany,1,1,36,-1.5,0,-14.100000000000001,1,3
2002,Poland,Australia,3,1,79,56,28.1,27.9,9,7,48.6,50.1,5,6,4,5,Poland,1,2,-23,0.20000000000000284,2,-1.5,-1,-1
2002,Ecuador,Denmark,3,1,59,59,25.1,25.6,1,5,40.7,53.6,10,4,1,2,Ecuador,1,2,0,-0.5,-4,-12.899999999999999,6,-1
2002,Belgium,Italy,2,2,22,29,25.0,28.8,4,5,59.1,44.1,9,6,3,4,Draw,0,0,7,-3.8000000000000007,-1,15.0,3,-1
2002,Chile,Paraguay,0,0,51,71,29.0,28.1,2,1,44.2,54.9,1,8,2,2,Draw,0,0,20,0.8999999999999986,1,-10.699999999999996,-7,0
2002,Ghana,Belgium,0,1,48,77,29.1,25.4,4,9,55.8,59.9,6,7,3,0,Belgium,0,-1,29,3.700000000000003,-5,-4.100000000000001,-1,3
2002,Morocco,Ghana,2,0,21,18,24.8,26.8,8,1,55.5,53.3,6,5,0,0,Morocco,1,2,-3,-2.0,7,2.200000000000003,1,0
2002,Saudi Arabia,Poland,0,3,22,2,24.4,26.0,8,5,44.4,49.9,10,3,2,3,Poland,0,-3,-20,-1.6000000000000014,3,-5.5,7,-1
2002,Denmark,Senegal,0,1,100,8,26.8,32.3,9,10,52.4,58.5,3,0,3,3,Senegal,0,-1,-92,-5.4999999999999964,-1,-6.100000000000001,3,0
2002,Sweden,Nigeria,3,2,98,75,25.4,28.1,5,9,41.0,40.3,3,5,3,4,Sweden,1,1,-23,-2.700000000000003,-4,0.7000000000000028,-2,-1
2002,Argentina,Denmark,2,0,30,97,25.4,27.4,7,4,49.7,54.6,0,2,5,4,Argentina,1,2,67,-2.0,3,-4.899999999999999,-2,1
2002,Ukraine,Czech Republic,1,2,25,54,24.5,27.9,3,8,40.3,57.8,1,5,5,4,Czech Republic,0,-1,29,-3.3999999999999986,-5,-17.5,-4,1
2002,England,Czech Republic,1,1,28,38,26.1,29.8,10,6,58.4,41.2,8,5,0,0,Draw,0,0,10,-3.6999999999999993,4,17.199999999999996,3,0
2002,Poland,USA,2,0,65,48,24.7,26.8,4,3,59.5,49.0,9,3,4,2,Poland,1,2,-17,-2.1000000000000014,1,10.5,6,2
2002,Portugal,Turkey,2,2,45,27,24.8,25.8,10,4,44.4,44.1,7,1,2,5,Draw,0,0,-18,-1.0,6,0.29999999999999716,6,-3
2002,Czech Republic,Italy,1,0,68,20,27.6,28.7,9,2,44.2,51.3,7,8,5,4,Czech Republic,1,1,-48,-1.0999999999999979,7,-7.099999999999994,-1,1
2002,South Korea,Paraguay,2,1,7,12,26.9,26.7,10,1,55.1,53.0,8,1,2,4,South Korea,1,1,5,0.1999999999999993,9,2.1000000000000014,7,-2
2002,France,Nigeria,2,2,49,43,28.0,24.9,10,8,45.1,46.1,6,2,0,0,Draw,0,0,-6,3.1000000000000014,2,-1.0,4,0
2002,Ghana,Russia,0,1,9,61,23.7,24.5,1,1,57.9,49.2,8,9,5,5,Russia,0,-1,52,-0.8000000000000007,0,8.699999999999996,-1,0
2002,USA,Croatia,1,3,36,31,27.0,30.1,2,1,51.5,45.6,9,0,5,0,Croatia,0,-2,-5,-3.1000000000000014,1,5.899999999999999,9,5
2002,Portugal,South Korea,1,0,83,91,31.2,27.3,5,4,47.0,47.4,1,6,4,5,Portugal,1,1,8,3.8999999999999986,1,-0.3999999999999986,-5,-1
2002,Iran,Belgium,6,0,1,96,26.3,25.8,3,10,56.7,43.2,5,0,2,0,Iran,1,6,95,0.5,-7,13.5,5,2
2002,Germany,Portugal,1,1,10,61,28.6,26.5,2,10,49.9,57.7,2,10,2,2,Draw,0,0,51,2.1000000000000014,-8,-7.800000000000004,-8,0
2002,Switzerland,Uruguay,0,0,36,74,28.6,28.6,1,6,58.2,40.2,10,8,2,4,Draw,0,0,38,0.0,-5,18.0,2,-2
2002,Saudi Arabia,Japan,2,3,73,67,28.7,26.4,10,9,58.6,57.6,5,10,4,1,Japan,0,-1,-6,2.3000000000000007,1,1.0,-5,3
2002,England,Greece,3,1,46,91,27.3,24.1,3,1,43.3,51.4,2,10,5,1,England,1,2,45,3.1999999999999993,2,-8.100000000000001,-8,4
2002,Netherlands,England,6,1,32,35,28.1,27.7,1,7,40.0,46.6,7,0,0,4,Netherlands,1,5,3,0.40000000000000213,-6,-6.600000000000001,7,-4
2002,Paraguay,Mexico,1,2,32,95,28.4,29.4,1,10,59.7,54.5,10,4,2,4,Mexico,0,-1,63,-1.0,-9,5.200000000000003,6,-2
2002,USA,Tunisia,0,1,6,15,28.3,29.3,1,5,58.1,50.2,3,6,3,4,Tunisia,0,-1,9,-1.0,-4,7.899999999999999,-3,-1
2002,Japan,Portugal,3,0,48,16,24.8,25.9,8,8,41.1,50.0,9,2,4,4,Japan,1,3,-32,-1.0999999999999979,0,-8.899999999999999,7,0
2002,Senegal,Morocco,5,1,38,13,23.6,29.5,3,7,56.7,42.2,5,8,1,5,Senegal,1,4,-25,-5.899999999999999,-4,14.5,-3,-4
2002,Tunisia,Germany,2,0,17,35,23.9,27.4,1,4,49.2,47.8,8,7,0,2,Tunisia,1,2,18,-3.5,-3,1.4000000000000057,1,-2
2002,France,Italy,2,0,74,75,26.5,29.5,7,4,45.2,44.8,1,2,3,1,France,1,2,1,-3.0,3,0.4000000000000057,-1,2
2002,Germany,Russia,2,1,27,59,28.2,28.1,10,6,57.6,40.3,1,4,2,3,Germany,1,1,32,0.09999999999999787,4,17.300000000000004,-3,-1
2002,Spain,Ukraine,2,0,54,21,24.8,24.0,3,6,43.9,47.2,6,6,1,1,Spain,1,2,-33,0.8000000000000007,-3,-3.3000000000000043,0,0
2002,France,Greece,3,1,50,54,28.8,30.5,8,9,58.9,41.8,1,3,0,1,France,1,2,4,-1.6999999999999993,-1,17.1,-2,-1
2002,Russia,Australia,2,0,35,75,26.0,27.1,4,5,44.1,45.1,1,4,4,0,Russia,1,2,40,-1.1000000000000014,-1,-1.0,-3,4
2002,South Korea,Netherlands,2,2,85,30,26.0,28.2,4,8,52.3,41.9,3,2,1,4,Draw,0,0,-55,-2.1999999999999993,-4,10.399999999999999,1,-3
2002,Iran,Brazil,2,1,25,48,25.3,24.3,5,5,44.5,42.0,8,8,5,4,Iran,1,1,23,1.0,0,2.5,0,1
2002,Colombia,Chile,4,1,28,35,23.2,28.0,6,2,50.9,44.0,7,9,1,4,Colombia,1,3,7,-4.800000000000001,4,6.899999999999999,-2,-3
2002,Uruguay,Japan,2,1,15,86,27.5,29.2,7,6,53.7,60.0,1,8,3,0,Uruguay,1,1,71,-1.6999999999999993,1,-6.299999999999997,-7,3
2002,Senegal,England,1,2,4,38,30.4,30.9,4,9,43.8,40.0,7,6,0,2,England,0,-1,34,-0.5,-5,3.799999999999997,1,-2
2002,USA,Ghana,1,1,93,31,26.9,29.8,8,3,50.4,52.8,3,9,3,2,Draw,0,0,-62,-2.900000000000002,5,-2.3999999999999986,-6,1
2002,Turkey,France,0,1,73,78,23.3,28.1,6,1,49.4,42.8,1,1,3,3,France,0,-1,5,-4.800000000000001,5,6.600000000000001,0,0
2002,Sweden,Senegal,1,3,27,24,28.6,23.9,1,1,41.4,58.4,10,6,2,2,Senegal,0,-2,-3,4.700000000000003,0,-17.0,4,0
2002,Netherlands,Spain,1,1,26,49,23.8,27.3,1,3,56.4,41.9,9,6,4,2,Draw,0,0,23,-3.5,-2,14.5,3,2
2002,USA,Turkey,2,2,19,96,24.6,25.8,9,10,46.7,59.1,6,10,1,4,Draw,0,0,77,-1.1999999999999993,-1,-12.399999999999999,-4,-3
2002,Nigeria,Australia,3,1,92,100,26.5,27.5,10,5,51.5,52.2,5,4,0,5,Nigeria,1,2,8,-1.0,5,-0.7000000000000028,1,-5
2002,Tunisia,Czech Republic,2,3,17,32,27.2,24.6,6,3,50.3,40.0,9,8,5,1,Czech Republic,0,-1,15,2.599999999999998,3,10.299999999999997,1,4
2002,Poland,Morocco,0,1,43,55,25.0,26.6,10,9,50.3,57.9,4,10,4,2,Morocco,0,-1,12,-1.6000000000000014,1,-7.600000000000001,-6,2
2002,Denmark,Uruguay,1,0,41,79,26.4,26.0,8,8,42.1,50.4,10,2,4,2,Denmark,1,1,38,0.3999999999999986,0,-8.299999999999997,8,2
2002,South Korea,Iran,4,1,42,58,28.4,25.9,7,3,48.5,45.3,0,3,0,0,South Korea,1,3,16,2.5,4,3.200000000000003,-3,0
2002,Cameroon,Australia,3,2,50,99,28.7,25.9,6,9,49.0,55.3,1,0,4,3,Cameroon,1,1,49,2.8000000000000007,-3,-6.299999999999997,1,1
2002,Iran,Czech Republic,1,0,84,3,29.5,26.7,4,6,54.7,58.5,7,5,2,5,Iran,1,1,-81,2.8000000000000007,-2,-3.799999999999997,2,-3
2002,Ghana,Argentina,1,1,40,80,30.8,27.6,7,7,56.8,49.7,0,3,4,0,Draw,0,0,40,3.1999999999999993,0,7.099999999999994,-3,4
2002,Russia,Mexico,3,4,39,69,28.6,22.0,9,4,50.9,46.3,2,0,2,4,Mexico,0,-1,30,6.600000000000001,5,4.600000000000001,2,-2
2002,Sweden,Saudi Arabia,2,0,23,85,26.6,22.2,10,4,41.7,55.8,1,1,1,1,Sweden,1,2,62,4.400000000000002,6,-14.099999999999994,0,0
2002,Brazil,Switzerland,1,3,96,10,28.7,26.3,10,2,44.7,53.6,4,2,1,3,Switzerland,0,-2,-86,2.3999999999999986,8,-8.899999999999999,2,-2
2002,Ghana,Saudi Arabia,2,0,52,83,27.9,26.6,7,5,43.3,57.8,3,8,3,0,Ghana,1,2,31,1.2999999999999972,2,-14.5,-5,3
2002,England,Netherlands,0,0,47,25,28.0,27.4,1,8,42.5,53.9,6,7,2,2,Draw,0,0,-22,0.6000000000000014,-7,-11.399999999999999,-1,0
2006,Portugal,Czech Republic,0,2,63,68,27.4,25.5,10,7,47.3,44.9,4,6,5,2,Czech Republic,0,-2,5,1.8999999999999986,3,2.3999999999999986,-2,3
2006,Cameroon,Brazil,0,1,97,61,25.2,27.0,9,7,44.6,58.6,7,10,1,3,Brazil,0,-1,-36,-1.8000000000000007,2,-14.0,-3,-2
2006,Brazil,Argentina,1,1,69,29,24.9,27.3,4,6,44.4,42.1,3,3,4,2,Draw,0,0,-40,-2.400000000000002,-2,2.299999999999997,0,2
2006,Netherlands,Mexico,0,3,43,19,26.8,25.5,3,3,41.1,45.4,5,0,0,0,Mexico,0,-3,-24,1.3000000000000007,0,-4.299999999999997,5,0
2006,Cameroon,Saudi Arabia,3,0,48,43,27.3,29.0,4,5,40.4,50.4,3,7,0,0,Cameroon,1,3,-5,-1.6999999999999993,-1,-10.0,-4,0
2006,Croatia,Ghana,2,0,34,66,25.6,27.4,4,1,42.1,51.3,1,3,2,2,Croatia,1,2,32,-1.7999999999999972,3,-9.199999999999996,-2,0
2006,Japan,Ecuador,5,1,40,74,27.8,28.1,10,7,43.4,40.3,0,2,5,2,Japan,1,4,34,-0.3000000000000007,3,3.1000000000000014,-2,3
2006,Netherlands,Greece,4,1,75,61,31.2,27.1,2,9,48.6,55.6,0,8,3,4,Netherlands,1,3,-14,4.099999999999998,-7,-7.0,-8,-1
2006,Paraguay,Spain,1,1,61,43,23.5,31.2,1,1,50.2,47.2,7,9,4,1,Draw,0,0,-18,-7.699999999999999,0,3.0,-2,3
2006,Paraguay,Costa Rica,3,2,50,25,28.2,28.2,10,2,42.8,48.1,3,3,2,3,Paraguay,1,1,-25,0.0,8,-5.300000000000004,0,-1
2006,Ecuador,Poland,1,0,67,20,26.9,26.0,1,3,48.5,56.2,4,3,0,0,Ecuador,1,1,-47,0.8999999999999986,-2,-7.700000000000003,1,0
2006,Italy,Denmark,1,1,62,48,27.9,28.6,8,3,46.8,47.6,10,8,2,3,Draw,0,0,-14,-0.7000000000000028,5,-0.8000000000000043,2,-1
2006,Czech Republic,Poland,0,0,58,83,26.1,23.7,2,8,43.7,40.9,7,10,4,4,Draw,0,0,25,2.400000000000002,-6,2.8000000000000043,-3,0
2006,Saudi Arabia,Croatia,3,1,33,87,26.7,27.2,10,7,40.1,43.5,6,1,5,0,Saudi Arabia,1,2,54,-0.5,3,-3.3999999999999986,5,5
2006,England,Ukraine,2,2,75,24,27.3,27.6,5,6,49.3,59.1,7,4,5,4,Draw,0,0,-51,-0.3000000000000007,-1,-9.800000000000004,3,1
2006,Portugal,Senegal,2,1,16,11,26.4,27.3,4,10,53.7,41.4,7,3,1,4,Portugal,1,1,-5,-0.9000000000000021,-6,12.300000000000004,4,-3
2006,Netherlands,Paraguay,3,1,82,98,24.0,26.3,8,10,44.5,47.1,5,8,4,5,Netherlands,1,2,16,-2.3000000000000007,-2,-2.6000000000000014,-3,-1
2006,Belgium,Australia,2,3,94,55,26.5,25.0,2,4,42.6,50.1,9,4,1,2,Australia,0,-1,-39,1.5,-2,-7.5,5,-1
2006,Colombia,Switzerland,3,0,48,28,24.2,25.4,10,9,57.7,49.9,1,8,1,5,Colombia,1,3,-20,-1.1999999999999993,1,7.800000000000004,-7,-4
2006,Ecuador,South Korea,2,1,10,69,28.3,27.2,9,1,45.5,40.1,5,10,1,3,Ecuador,1,1,59,1.1000000000000014,8,5.399999999999999,-5,-2
2006,Nigeria,USA,2,0,82,63,23.3,24.8,7,2,44.5,50.0,0,8,2,3,Nigeria,1,2,-19,-1.5,5,-5.5,-8,-1
2006,Cameroon,Sweden,0,1,38,59,29.1,30.5,7,4,57.1,47.7,0,1,0,2,Sweden,0,-1,21,-1.3999999999999986,3,9.399999999999999,-1,-2
2006,Ukraine,Turkey,2,2,19,5,27.9,21.7,1,3,56.3,59.4,10,8,5,5,Draw,0,0,-14,6.199999999999999,-2,-3.1000000000000014,2,0
2006,Paraguay,Brazil,0,0,36,51,27.9,26.4,2,1,49.0,43.2,2,2,2,3,Draw,0,0,15,1.5,1,5.799999999999997,0,-1
2006,Tunisia,Argentina,0,1,59,21,22.7,27.2,4,5,49.8,47.1,2,3,0,5,Argentina,0,-1,-38,-4.5,-1,2.6999999999999957,-1,-5
2006,Chile,Denmark,0,1,63,12,26.3,28.0,4,7,44.4,48.4,10,0,5,2,Denmark,0,-1,-51,-1.6999999999999993,-3,-4.0,10,3
2006,Morocco,Nigeria,0,6,77,50,29.3,25.2,3,2,41.6,47.8,4,0,4,0,Nigeria,0,-6,-27,4.100000000000001,1,-6.199999999999996,4,4
2006,Paraguay,Croatia,2,2,46,4,26.0,29.3,7,5,51.5,53.3,0,0,5,4,Draw,0,0,-42,-3.3000000000000007,2,-1.7999999999999972,0,1
2006,Brazil,Belgium,1,1,3,42,24.8,24.2,8,6,42.0,44.3,9,8,5,4,Draw,0,0,39,0.6000000000000014,2,-2.299999999999997,1,1
2006,Paraguay,Uruguay,1,0,74,84,25.7,25.9,2,7,49.0,44.4,5,10,5,5,Paraguay,1,1,10,-0.1999999999999993,-5,4.600000000000001,-5,0
2006,Ukraine,Costa Rica,1,0,65,38,26.9,28.2,4,1,58.8,54.6,6,7,3,3,Ukraine,1,1,-27,-1.3000000000000007,3,4.199999999999996,-1,0
2006,USA,Denmark,1,0,91,25,25.3,29.1,3,7,59.1,50.0,9,4,4,5,USA,1,1,-66,-3.8000000000000007,-4,9.100000000000001,5,-1
2006,Argentina,Netherlands,3,0,8,14,29.5,24.2,2,4,44.8,48.3,10,4,2,5,Argentina,1,3,6,5.300000000000001,-2,-3.5,6,-3
2006,Brazil,Greece,1,0,51,75,26.9,32.3,6,8,52.5,43.4,2,8,2,1,Brazil,1,1,24,-5.399999999999999,-2,9.100000000000001,-6,1
2006,Italy,Belgium,0,1,81,32,25.9,25.2,4,4,49.5,43.8,3,2,0,4,Belgium,0,-1,-49,0.6999999999999993,0,5.700000000000003,1,-4
2006,Iran,Cameroon,1,1,73,11,24.4,24.4,6,6,57.5,40.2,9,2,2,2,Draw,0,0,-62,0.0,0,17.299999999999997,7,0
2006,USA,Saudi Arabia,2,0,6,61,28.0,28.0,2,9,45.4,41.8,10,6,1,5,USA,1,2,55,0.0,-7,3.6000000000000014,4,-4
2006,Czech Republic,Netherlands,6,2,89,18,27.9,26.3,4,5,40.1,51.1,9,8,5,1,Czech Republic,1,4,-71,1.5999999999999979,-1,-11.0,1,4
2006,Morocco,Saudi Arabia,0,2,39,27,25.4,26.0,6,4,43.3,57.8,9,5,2,1,Saudi Arabia,0,-2,-12,-0.6000000000000014,2,-14.5,4,1
2006,Portugal,Senegal,2,2,60,55,22.5,28.2,5,8,47.0,45.7,9,1,0,4,Draw,0,0,-5,-5.699999999999999,-3,1.2999999999999972,8,-4
2006,Sweden,Iran,1,2,28,54,27.8,23.9,3,9,46.3,46.6,9,0,0,4,Iran,0,-1,26,3.900000000000002,-6,-0.30000000000000426,9,-4
2006,Sweden,Netherlands,0,1,97,82,26.6,23.6,8,4,55.8,42.3,2,1,1,4,Netherlands,0,-1,-15,3.0,4,13.5,1,-3
2006,Iran,Saudi Arabia,1,2,54,87,27.7,25.8,7,3,53.6,47.8,0,0,0,2,Saudi Arabia,0,-1,33,1.8999999999999986,4,5.800000000000004,0,-2
2006,Mexico,Saudi Arabia,4,0,37,75,30.9,29.2,3,8,46.0,40.7,7,9,3,1,Mexico,1,4,38,1.6999999999999993,-5,5.299999999999997,-2,2
2006,Costa Rica,Ukraine,2,0,9,21,26.9,25.9,6,5,49.2,58.4,9,9,5,3,Costa Rica,1,2,12,1.0,1,-9.199999999999996,0,2
2006,Czech Republic,Senegal,1,2,82,44,26.0,30.2,4,2,41.9,53.5,9,8,5,2,Senegal,0,-1,-38,-4.199999999999999,2,-11.600000000000001,1,3
2006,Costa Rica,Morocco,3,0,56,5,24.7,29.4,5,10,58.0,59.8,1,9,5,0,Costa Rica,1,3,-51,-4.699999999999999,-5,-1.7999999999999972,-8,5
2006,France,Japan,2,1,59,87,26.4,27.6,5,9,58.7,57.7,0,7,4,5,France,1,1,28,-1.2000000000000028,-4,1.0,-7,-1
2006,Serbia,Portugal,3,1,85,41,27.3,27.7,7,3,59.6,49.5,7,6,2,4,Serbia,1,2,-44,-0.3999999999999986,4,10.100000000000001,1,-2
2006,Ukraine,Ecuador,1,1,2,59,27.1,27.6,5,2,57.4,50.4,6,2,3,1,Draw,0,0,57,-0.5,3,7.0,4,2
2006,Nigeria,Switzerland,0,2,61,89,30.4,27.3,3,1,43.5,43.8,6,7,2,5,Switzerland,0,-2,28,3.099999999999998,2,-0.29999999999999716,-1,-3
2006,Czech Republic,Mexico,1,1,58,54,28.0,26.3,10,8,40.9,49.2,3,1,3,2,Draw,0,0,-4,1.6999999999999993,2,-8.300000000000004,2,1
2006,Sweden,Saudi Arabia,3,0,60,74,26.7,26.5,5,3,51.6,58.1,10,1,2,0,Sweden,1,3,14,0.1999999999999993,2,-6.5,9,2
2006,Senegal,Mexico,1,1,36,83,27.5,22.6,5,1,43.5,57.3,5,9,0,2,Draw,0,0,47,4.899999999999999,4,-13.799999999999997,-4,-2
2006,Mexico,Paraguay,2,0,37,65,25.2,29.2,5,1,40.1,46.8,1,2,0,3,Mexico,1,2,28,-4.0,4,-6.699999999999996,-1,-3
2006,Costa Rica,Spain,2,2,79,64,27.4,27.3,9,9,56.1,58.0,0,6,1,5,Draw,0,0,-15,0.09999999999999787,0,-1.8999999999999986,-6,-4
2006,England,South Korea,4,0,92,71,28.0,27.0,3,8,41.5,58.8,0,0,3,3,England,1,4,-21,1.0,-5,-17.299999999999997,0,0
2006,Chile,Italy,3,2,18,4,26.6,27.8,6,3,48.3,53.4,8,7,4,2,Chile,1,1,-14,-1.1999999999999993,3,-5.100000000000001,1,2
2006,Saudi Arabia,Ghana,1,2,98,65,25.7,25.3,1,6,53.6,53.3,3,6,3,0,Ghana,0,-1,-33,0.3999999999999986,-5,0.30000000000000426,-3,3
2006,Spain,Uruguay,0,2,22,76,29.3,26.4,5,4,41.7,56.7,2,4,4,1,Uruguay,0,-2,54,2.900000000000002,1,-15.0,-2,3
2006,Saudi Arabia,Serbia,1,1,11,22,27.8,29.7,8,1,55.4,59.2,3,9,2,5,Draw,0,0,11,-1.8999999999999986,7,-3.8000000000000043,-6,-3
2006,Saudi Arabia,Italy,1,1,58,86,27.9,24.7,5,5,52.6,55.5,7,0,4,4,Draw,0,0,28,3.1999999999999993,0,-2.8999999999999986,7,0
2006,Switzerland,Ecuador,1,1,57,47,23.9,21.7,9,1,59.8,52.4,3,3,3,4,Draw,0,0,-10,2.1999999999999993,8,7.399999999999999,0,-1
2006,Serbia,Brazil,4,1,77,81,29.8,26.0,6,1,46.9,52.1,8,0,1,1,Serbia,1,3,4,3.8000000000000007,5,-5.200000000000003,8,0
2006,Croatia,South Korea,1,2,4,93,26.1,29.3,8,10,41.2,57.0,8,0,2,2,South Korea,0,-1,89,-3.1999999999999993,-2,-15.799999999999997,8,0
2006,Saudi Arabia,Costa Rica,1,2,86,46,26.4,23.5,10,7,54.7,50.8,5,9,3,2,Costa Rica,0,-1,-40,2.8999999999999986,3,3.9000000000000057,-4,1
2006,Ghana,Croatia,2,1,7,14,24.9,24.6,8,6,50.4,56.1,1,0,2,3,Ghana,1,1,7,0.29999999999999716,2,-5.700000000000003,1,-1
2006,Czech Republic,Poland,0,0,61,50,23.4,27.5,3,2,44.3,50.2,9,6,4,5,Draw,0,0,-11,-4.100000000000001,1,-5.900000000000006,3,-1
2006,Ecuador,Iran,0,1,54,20,29.3,32.1,7,2,55.6,41.2,10,6,0,3,Iran,0,-1,-34,-2.8000000000000007,5,14.399999999999999,4,-3
2006,Brazil,Ghana,1,0,88,50,29.6,24.3,7,7,44.1,47.7,6,3,3,4,Brazil,1,1,-38,5.300000000000001,0,-3.6000000000000014,3,-1
2006,Morocco,Chile,0,1,68,33,26.7,24.2,10,1,45.2,48.9,8,1,1,1,Chile,0,-1,-35,2.5,9,-3.6999999999999957,7,0
2006,Mexico,Morocco,1,3,92,59,25.6,27.7,6,2,41.9,42.8,5,2,4,2,Morocco,0,-2,-33,-2.099999999999998,4,-0.8999999999999986,3,2
2006,Argentina,Mexico,1,0,79,43,26.2,29.4,7,8,48.0,42.0,2,7,3,1,Argentina,1,1,-36,-3.1999999999999993,-1,6.0,-5,2
2006,Czech Republic,Ecuador,1,1,1,79,26.3,25.8,2,6,48.4,50.7,6,7,1,0,Draw,0,0,78,0.5,-4,-2.3000000000000043,-1,1
2006,Spain,Colombia,2,2,55,12,24.6,23.8,9,2,50.3,41.7,4,10,3,1,Draw,0,0,-43,0.8000000000000007,7,8.599999999999994,-6,2
2006,Netherlands,Paraguay,0,1,3,40,26.4,27.9,10,7,54.2,46.1,0,10,4,0,Paraguay,0,-1,37,-1.5,3,8.100000000000001,-10,4
2006,Morocco,Brazil,2,2,78,20,27.3,28.2,10,4,58.1,54.9,2,5,3,3,Draw,0,0,-58,-0.8999999999999986,6,3.200000000000003,-3,0
2006,Portugal,Poland,2,1,38,94,29.0,30.6,1,2,42.8,59.3,4,9,2,3,Portugal,1,1,56,-1.6000000000000014,-1,-16.5,-5,-1
2010,Ukraine,Spain,3,4,1,38,27.0,28.3,1,6,41.1,54.4,6,8,4,4,Spain,0,-1,37,-1.3000000000000007,-5,-13.299999999999997,-2,0
2010,Ecuador,Saudi Arabia,0,2,38,3,23.8,28.7,3,9,40.4,59.9,2,10,3,1,Saudi Arabia,0,-2,-35,-4.899999999999999,-6,-19.5,-8,2
2010,Cameroon,Japan,4,1,85,28,27.7,26.5,3,9,42.9,54.0,5,8,0,1,Cameroon,1,3,-57,1.1999999999999993,-6,-11.100000000000001,-3,-1
2010,Sweden,Italy,2,3,29,56,26.5,31.9,1,8,53.2,45.9,4,3,3,0,Italy,0,-1,27,-5.399999999999999,-7,7.300000000000004,1,3
2010,Costa Rica,Turkey,3,2,5,90,29.7,26.2,7,3,54.5,53.4,0,0,2,3,Costa Rica,1,1,85,3.5,4,1.1000000000000014,0,-1
2010,Costa Rica,Italy,0,1,74,94,29.9,25.8,4,3,55.7,54.0,9,0,1,0,Italy,0,-1,20,4.099999999999998,1,1.7000000000000028,9,1
2010,Cameroon,Greece,0,2,92,13,29.9,30.6,10,2,44.9,47.4,5,9,1,3,Greece,0,-2,-79,-0.7000000000000028,8,-2.5,-4,-2
2010,Belgium,Argentina,2,3,21,77,25.9,24.1,2,5,46.1,40.4,7,4,1,0,Argentina,0,-1,56,1.7999999999999972,-3,5.700000000000003,3,1
2010,Czech Republic,Nigeria,3,0,71,66,31.0,23.3,10,4,49.7,54.1,0,1,0,3,Czech Republic,1,3,-5,7.699999999999999,6,-4.399999999999999,-1,-3
2010,Germany,Ukraine,2,0,67,37,27.7,27.2,5,7,41.3,40.4,1,5,2,0,Germany,1,2,-30,0.5,-2,0.8999999999999986,-4,2
2010,Argentina,Ukraine,0,0,47,49,30.3,27.0,6,4,52.2,52.6,3,6,4,3,Draw,0,0,2,3.3000000000000007,2,-0.3999999999999986,-3,1
2010,Ukraine,Uruguay,2,0,84,66,26.0,26.5,9,9,59.7,43.3,1,0,1,5,Ukraine,1,2,-18,-0.5,0,16.400000000000006,1,-4
2010,Japan,Uruguay,5,2,83,36,26.4,29.0,4,2,47.2,51.3,10,5,2,0,Japan,1,3,-47,-2.6000000000000014,2,-4.099999999999994,5,2
2010,Germany,Australia,1,4,35,54,27.5,25.2,2,6,55.1,50.1,8,7,3,1,Australia,0,-3,19,2.3000000000000007,-4,5.0,1,2
2010,Germany,Japan,2,1,68,26,27.3,27.1,5,7,50.0,40.3,9,4,0,4,Germany,1,1,-42,0.1999999999999993,-2,9.700000000000003,5,-4
2010,Saudi Arabia,Poland,3,2,69,75,29.5,26.3,3,4,42.6,47.3,7,6,2,5,Saudi Arabia,1,1,6,3.1999999999999993,-1,-4.699999999999996,1,-3
2010,Nigeria,USA,1,0,1,72,26.5,25.2,2,6,51.6,52.0,7,9,2,5,Nigeria,1,1,71,1.3000000000000007,-4,-0.3999999999999986,-2,-3
2010,Ukraine,Portugal,0,2,68,40,29.3,26.9,1,7,46.0,57.0,3,5,4,0,Portugal,0,-2,-28,2.400000000000002,-6,-11.0,-2,4
2010,Costa Rica,Brazil,0,2,12,43,28.5,28.7,10,4,40.7,57.8,4,3,2,4,Brazil,0,-2,31,-0.1999999999999993,6,-17.099999999999994,1,-2
2010,Ecuador,Mexico,0,0,60,22,26.6,31.2,2,8,52.7,49.7,3,6,4,1,Draw,0,0,-38,-4.599999999999998,-6,3.0,-3,3
2010,Brazil,France,2,2,27,20,28.3,28.2,6,9,57.2,54.6,8,9,0,5,Draw,0,0,-7,0.10000000000000142,-3,2.6000000000000014,-1,-5
2010,Australia,Brazil,2,0,56,8,26.1,22.0,8,1,46.9,46.3,1,8,0,1,Australia,1,2,-48,4.100000000000001,7,0.6000000000000014,-7,-1
2010,Germany,Tunisia,1,1,23,29,31.7,26.9,3,7,47.8,46.8,10,9,3,3,Draw,0,0,6,4.800000000000001,-4,1.0,1,0
2010,Iran,Costa Rica,1,2,25,40,21.7,27.1,9,9,57.8,43.9,7,9,4,4,Costa Rica,0,-1,15,-5.400000000000002,0,13.899999999999999,-2,0
2010,Costa Rica,Colombia,2,1,21,90,28.3,28.9,9,10,56.3,51.2,1,6,4,2,Costa Rica,1,1,69,-0.5999999999999979,-1,5.099999999999994,-5,2
2010,Spain,Saudi Arabia,1,1,61,30,23.5,27.4,2,5,54.3,46.3,0,4,1,3,Draw,0,0,-31,-3.8999999999999986,-3,8.0,-4,-2
2010,Costa Rica,Turkey,0,1,63,81,26.5,29.5,8,2,45.0,41.7,9,6,1,4,Turkey,0,-1,18,-3.0,6,3.299999999999997,3,-3
2010,France,Netherlands,1,1,52,84,26.8,27.8,10,10,58.2,53.7,2,2,3,0,Draw,0,0,32,-1.0,0,4.5,0,3
2010,Croatia,Czech Republic,3,1,88,55,30.0,30.1,5,6,43.1,54.2,8,1,0,0,Croatia,1,2,-33,-0.10000000000000142,-1,-11.100000000000001,7,0
2010,Japan,Iran,2,2,25,16,25.6,26.1,4,7,52.5,47.2,2,10,5,1,Draw,0,0,-9,-0.5,-3,5.299999999999997,-8,4
2010,Greece,Colombia,6,1,55,46,29.6,27.3,10,2,40.6,41.5,8,4,1,5,Greece,1,5,-9,2.3000000000000007,8,-0.8999999999999986,4,-4
2010,Cameroon,Argentina,1,0,46,62,24.6,28.7,5,2,52.9,48.5,6,3,2,2,Cameroon,1,1,16,-4.099999999999998,3,4.399999999999999,3,0
2010,Italy,Belgium,0,2,32,7,29.7,25.9,4,10,45.5,48.8,9,4,0,0,Belgium,0,-2,-25,3.8000000000000007,-6,-3.299999999999997,5,0
2010,Colombia,Brazil,1,0,55,80,26.1,25.4,8,10,49.0,53.4,0,7,5,4,Colombia,1,1,25,0.7000000000000028,-2,-4.399999999999999,-7,1
2010,Spain,Italy,1,3,96,45,27.1,25.7,4,1,46.9,46.3,9,3,2,5,Italy,0,-2,-51,1.4000000000000021,3,0.6000000000000014,6,-3
2010,Chile,Serbia,3,1,5,59,26.3,25.5,10,4,43.5,53.7,4,8,4,5,Chile,1,2,54,0.8000000000000007,6,-10.200000000000003,-4,-1
2010,Croatia,Serbia,2,0,36,56,29.6,28.0,6,7,52.4,57.4,8,6,0,4,Croatia,1,2,20,1.6000000000000014,-1,-5.0,2,-4
2010,Denmark,Japan,2,1,49,48,29.2,23.3,2,9,57.6,44.7,2,9,3,5,Denmark,1,1,-1,5.899999999999999,-7,12.899999999999999,-7,-2
2010,Ecuador,Nigeria,1,2,58,27,27.9,23.9,5,3,59.2,59.6,8,6,4,0,Nigeria,0,-1,-31,4.0,2,-0.3999999999999986,2,4
2010,Portugal,Sweden,2,0,39,53,24.7,30.7,6,7,43.8,47.7,4,7,4,4,Portugal,1,2,14,-6.0,-1,-3.9000000000000057,-3,0
2010,Spain,Ukraine,2,0,80,87,25.6,25.5,5,7,54.3,45.3,8,5,2,4,Spain,1,2,7,0.10000000000000142,-2,9.0,3,-2
2010,Denmark,Poland,3,2,97,88,24.9,27.4,2,7,53.3,48.4,9,7,4,1,Denmark,1,1,-9,-2.5,-5,4.899999999999999,2,3
2010,Russia,USA,3,1,85,73,22.5,24.0,7,2,46.9,41.9,5,2,1,2,Russia,1,2,-12,-1.5,5,5.0,3,-1
2010,Argentina,Germany,3,1,61,35,29.5,27.2,4,6,40.4,42.5,8,9,0,1,Argentina,1,2,-26,2.3000000000000007,-2,-2.1000000000000014,-1,-1
2010,Switzerland,Croatia,3,2,9,51,26.3,25.6,8,2,53.8,48.3,6,9,1,2,Switzerland,1,1,42,0.6999999999999993,6,5.5,-3,-1
2010,Senegal,Czech Republic,0,1,6,84,26.3,23.9,7,6,58.9,55.2,6,0,2,4,Czech Republic,0,-1,78,2.400000000000002,1,3.6999999999999957,6,-2
2010,Australia,Greece,0,2,35,37,30.0,29.7,7,10,52.6,58.0,7,5,5,5,Greece,0,-2,2,0.3000000000000007,-3,-5.399999999999999,2,0
2010,Iran,Colombia,2,1,39,81,26.0,29.4,9,3,48.7,53.3,6,0,2,2,Iran,1,1,42,-3.3999999999999986,6,-4.599999999999994,6,0
2010,Argentina,Greece,2,0,22,95,25.3,26.8,1,2,50.5,42.1,8,8,0,4,Argentina,1,2,73,-1.5,-1,8.399999999999999,0,-4
2010,Australia,Colombia,1,4,41,57,26.6,29.0,10,6,44.0,53.4,10,1,4,4,Colombia,0,-3,16,-2.3999999999999986,4,-9.399999999999999,9,0
2010,Switzerland,South Korea,3,0,5,8,24.7,30.8,6,2,55.0,52.7,8,10,3,1,Switzerland,1,3,3,-6.100000000000001,4,2.299999999999997,-2,2
2010,Costa Rica,Serbia,0,0,42,79,27.7,28.5,6,5,54.9,56.1,5,1,2,1,Draw,0,0,37,-0.8000000000000007,1,-1.2000000000000028,4,1
2010,England,Sweden,0,1,87,95,26.3,28.0,6,2,42.9,56.5,6,6,0,5,Sweden,0,-1,8,-1.6999999999999993,4,-13.600000000000001,0,-5
2010,Ecuador,Morocco,1,2,81,94,26.0,27.4,6,3,57.6,57.4,1,1,3,3,Morocco,0,-1,13,-1.3999999999999986,3,0.20000000000000284,0,0
2010,Tunisia,Colombia,2,2,76,20,25.8,28.3,10,3,45.4,48.3,8,9,4,0,Draw,0,0,-56,-2.5,7,-2.8999999999999986,-1,4
2010,Czech Republic,Greece,1,2,87,53,26.8,26.3,7,6,59.6,54.0,0,7,5,3,Greece,0,-1,-34,0.5,1,5.600000000000001,-7,2
2010,South Korea,Ecuador,1,2,80,12,27.2,26.4,10,6,47.7,45.4,0,5,2,3,Ecuador,0,-1,-68,0.8000000000000007,4,2.3000000000000043,-5,-1
2010,Tunisia,Cameroon,1,1,67,49,26.0,27.9,6,10,43.6,60.0,2,6,5,5,Draw,0,0,-18,-1.8999999999999986,-4,-16.4,-4,0
2010,Brazil,Sweden,3,2,30,17,26.3,26.1,1,3,47.0,43.5,5,6,0,2,Brazil,1,1,-13,0.1999999999999993,-2,3.5,-1,-2
2010,Croatia,Serbia,3,1,57,64,26.8,26.3,3,3,48.8,40.2,4,5,5,5,Croatia,1,2,7,0.5,0,8.599999999999994,-1,0
2010,Saudi Arabia,Japan,2,2,86,42,26.6,27.0,2,1,41.4,43.0,1,9,5,5,Draw,0,0,-44,-0.3999999999999986,1,-1.6000000000000014,-8,0
2010,Ghana,Italy,2,3,73,94,27.1,29.3,6,7,51.6,55.5,8,10,0,4,Italy,0,-1,21,-2.1999999999999993,-1,-3.8999999999999986,-2,-4
2010,Nigeria,Russia,3,2,29,29,25.6,24.7,8,8,52.0,48.9,9,8,0,4,Nigeria,1,1,0,0.9000000000000021,0,3.1000000000000014,1,-4
2010,Turkey,France,1,1,37,19,29.0,28.5,3,2,54.8,49.0,3,8,2,4,Draw,0,0,-18,0.5,1,5.799999999999997,-5,-2
2010,Serbia,Uruguay,2,2,87,11,27.2,28.6,10,4,40.6,59.1,3,6,5,0,Draw,0,0,-76,-1.4000000000000021,6,-18.5,-3,5
2010,Paraguay,Japan,2,2,13,98,26.0,28.6,8,10,50.8,58.4,4,8,3,2,Draw,0,0,85,-2.6000000000000014,-2,-7.600000000000001,-4,1
2010,England,Uruguay,2,3,32,50,27.7,25.4,8,7,41.1,46.2,7,9,0,2,Uruguay,0,-1,18,2.3000000000000007,1,-5.100000000000001,-2,-2
2010,Denmark,Japan,1,2,46,71,26.9,23.6,5,8,54.0,44.2,9,2,4,4,Japan,0,-1,25,3.299999999999997,-3,9.799999999999997,7,0
2010,Iran,Switzerland,1,1,23,58,23.5,28.1,8,1,41.1,57.0,3,2,5,3,Draw,0,0,35,-4.600000000000001,7,-15.899999999999999,1,2
2010,Germany,Cameroon,2,1,45,34,27.7,27.4,6,4,58.2,58.1,4,0,0,0,Germany,1,1,-11,0.3000000000000007,2,0.10000000000000142,4,0
2010,Brazil,Italy,1,2,17,20,25.0,29.0,5,6,54.0,50.8,3,4,3,3,Italy,0,-1,3,-4.0,-1,3.200000000000003,-1,0
2010,Belgium,Colombia,1,2,85,50,28.9,25.6,9,3,50.1,52.6,5,3,2,1,Colombia,0,-1,-35,3.299999999999997,6,-2.5,2,1
2010,Italy,Spain,2,1,66,88,26.5,28.5,7,5,48.8,45.1,2,1,5,2,Italy,1,1,22,-2.0,2,3.6999999999999957,1,3
2010,Ukraine,Germany,2,2,6,10,28.6,29.1,8,10,42.6,56.0,7,8,0,2,Draw,0,0,4,-0.5,-2,-13.399999999999999,-1,-2
2010,Costa Rica,Mexico,1,1,18,32,25.7,26.8,1,9,45.8,52.6,5,2,0,3,Draw,0,0,14,-1.1000000000000014,-8,-6.800000000000004,3,-3
2010,Portugal,Croatia,2,0,94,52,27.1,27.8,2,3,57.4,50.1,9,7,4,0,Portugal,1,2,-42,-0.6999999999999993,-1,7.299999999999997,2,4
2010,Paraguay,Nigeria,2,1,22,15,29.4,27.8,8,5,58.1,41.2,4,5,4,2,Paraguay,1,1,-7,1.5999999999999979,3,16.9,-1,2
2010,Australia,Denmark,3,0,33,84,26.5,25.4,9,8,40.0,58.3,1,4,5,3,Australia,1,3,51,1.1000000000000014,1,-18.299999999999997,-3,2
2010,Denmark,Turkey,1,1,30,3,25.8,28.1,4,6,51.9,52.3,9,0,0,5,Draw,0,0,-27,-2.3000000000000007,-2,-0.3999999999999986,9,-5
2010,Argentina,Croatia,1,0,81,37,28.3,30.2,10,4,54.4,43.9,9,3,5,5,Argentina,1,1,-44,-1.8999999999999986,6,10.5,6,0
2014,Switzerland,Denmark,3,1,32,40,28.3,27.0,10,8,52.4,52.1,6,2,0,0,Switzerland,1,2,8,1.3000000000000007,2,0.29999999999999716,4,0
2014,Cameroon,Netherlands,3,3,42,72,25.9,24.1,9,3,41.6,53.5,1,0,4,3,Draw,0,0,30,1.7999999999999972,6,-11.899999999999999,1,1
2014,Ecuador,France,1,2,78,40,23.0,25.6,4,3,44.4,50.5,0,4,3,5,France,0,-1,-38,-2.6000000000000014,1,-6.100000000000001,-4,-2
2014,Cameroon,Tunisia,1,2,10,56,25.8,23.4,10,4,45.0,54.4,6,5,1,0,Tunisia,0,-1,46,2.400000000000002,6,-9.399999999999999,1,1
2014,Croatia,France,1,4,36,23,28.4,29.6,10,9,56.6,51.6,4,1,1,4,France,0,-3,-13,-1.2000000000000028,1,5.0,3,-3
2014,Netherlands,Ghana,0,1,34,11,25.4,28.5,10,5,49.3,59.0,0,2,0,0,Ghana,0,-1,-23,-3.1000000000000014,5,-9.700000000000003,-2,0
2014,Senegal,Argentina,0,0,73,64,27.0,26.0,9,8,49.7,41.1,3,10,4,1,Draw,0,0,-9,1.0,1,8.600000000000001,-7,3
2014,Greece,Costa Rica,0,0,28,8,25.7,24.2,7,6,58.7,42.1,3,5,2,4,Draw,0,0,-20,1.5,1,16.6,-2,-2
2014,Tunisia,Argentina,2,1,11,93,23.1,25.3,2,3,52.7,43.5,9,3,2,3,Tunisia,1,1,82,-2.1999999999999993,-1,9.200000000000003,6,-1
2014,Switzerland,Morocco,2,0,78,94,25.6,25.7,9,8,58.0,53.8,6,8,1,4,Switzerland,1,2,16,-0.09999999999999787,1,4.200000000000003,-2,-3
2014,Paraguay,Russia,2,0,39,56,28.3,27.2,4,9,49.1,52.9,8,4,3,4,Paraguay,1,2,17,1.1000000000000014,-5,-3.799999999999997,4,-1
2014,Ghana,Costa Rica,1,5,47,60,22.3,27.2,8,8,43.0,57.8,1,3,1,3,Costa Rica,0,-4,13,-4.899999999999999,0,-14.799999999999997,-2,-2
2014,Paraguay,Australia,1,1,19,10,27.5,29.7,7,4,58.6,54.7,0,1,0,3,Draw,0,0,-9,-2.1999999999999993,3,3.8999999999999986,-1,-3
2014,Ghana,Poland,0,0,15,39,24.6,25.6,7,6,49.2,50.2,1,5,3,5,Draw,0,0,24,-1.0,1,-1.0,-4,-2
2014,Russia,Italy,0,1,28,28,28.2,24.0,8,1,43.6,59.8,6,9,2,1,Italy,0,-1,0,4.199999999999999,7,-16.199999999999996,-3,1
2014,South Korea,Saudi Arabia,2,2,72,36,26.7,27.0,5,8,41.0,56.7,5,6,4,2,Draw,0,0,-36,-0.3000000000000007,-3,-15.700000000000003,-1,2
2014,Germany,Chile,0,0,9,13,26.7,25.5,2,1,49.4,48.5,3,2,0,2,Draw,0,0,4,1.1999999999999993,1,0.8999999999999986,1,-2
2014,Paraguay,Poland,1,0,47,96,25.4,26.4,2,3,57.1,53.0,0,8,1,1,Paraguay,1,1,49,-1.0,-1,4.100000000000001,-8,0
2014,Denmark,Spain,2,2,33,36,24.3,26.1,1,1,58.7,54.5,0,10,0,0,Draw,0,0,3,-1.8000000000000007,0,4.200000000000003,-10,0
2014,Senegal,Brazil,3,1,62,26,30.4,29.0,5,9,58.7,52.7,4,4,4,0,Senegal,1,2,-36,1.3999999999999986,-4,6.0,0,4
2014,Ecuador,Italy,1,1,97,86,25.3,25.8,2,2,42.5,42.8,0,7,2,2,Draw,0,0,-11,-0.5,0,-0.29999999999999716,-7,0
2014,France,Belgium,2,2,19,4,30.1,26.2,4,9,47.6,48.9,6,10,4,3,Draw,0,0,-15,3.900000000000002,-5,-1.2999999999999972,-4,1
2014,Ecuador,Iran,6,2,67,95,25.3,28.4,3,4,40.6,51.2,10,5,3,1,Ecuador,1,4,28,-3.099999999999998,-1,-10.600000000000001,5,2
2014,USA,Colombia,1,0,74,82,28.1,25.9,3,2,57.1,57.0,0,9,5,0,USA,1,1,8,2.200000000000003,1,0.10000000000000142,-9,5
2014,Poland,USA,1,0,40,64,24.7,27.8,2,4,47.2,48.9,0,7,4,0,Poland,1,1,24,-3.1000000000000014,-2,-1.6999999999999957,-7,4
2014,Switzerland,Iran,3,0,47,38,28.0,27.7,6,10,52.6,58.4,1,10,4,4,Switzerland,1,3,-9,0.3000000000000007,-4,-5.799999999999997,-9,0
2014,Netherlands,Morocco,1,2,65,88,26.3,27.3,2,6,54.3,48.8,10,2,5,2,Morocco,0,-1,23,-1.0,-4,5.5,8,3
2014,England,Portugal,3,0,29,87,26.4,24.7,8,7,48.6,51.0,9,2,3,3,England,1,3,58,1.6999999999999993,1,-2.3999999999999986,7,0
2014,Argentina,Iran,3,0,50,22,28.2,29.5,8,3,46.1,55.9,2,4,1,1,Argentina,1,3,-28,-1.3000000000000007,5,-9.799999999999997,-2,0
2014,Japan,Chile,1,0,98,2,26.1,31.4,5,3,59.2,51.7,10,10,4,0,Japan,1,1,-96,-5.299999999999997,2,7.5,0,4
2014,Ecuador,Serbia,1,2,13,31,24.1,27.0,10,10,59.3,59.2,0,9,0,4,Serbia,0,-1,18,-2.8999999999999986,0,0.09999999999999432,-9,-4
2014,Belgium,Japan,2,2,1,11,28.5,24.9,7,8,45.8,53.2,8,2,4,2,Draw,0,0,10,3.6000000000000014,-1,-7.400000000000006,6,2
2014,Chile,Iran,1,2,34,92,24.7,27.1,4,5,49.6,50.5,9,7,0,2,Iran,0,-1,58,-2.400000000000002,-1,-0.8999999999999986,2,-2
2014,Chile,Senegal,2,1,93,46,28.0,29.0,1,4,59.5,40.5,7,9,3,1,Chile,1,1,-47,-1.0,-3,19.0,-2,2
2014,Serbia,Brazil,0,0,48,96,28.9,25.8,2,7,40.1,48.3,4,7,4,0,Draw,0,0,48,3.099999999999998,-5,-8.199999999999996,-3,4
2014,Greece,Netherlands,1,1,77,62,26.2,26.7,10,7,48.3,46.0,10,1,3,1,Draw,0,0,-15,-0.5,3,2.299999999999997,9,2
2014,Greece,Paraguay,3,1,48,69,29.4,27.7,10,9,42.0,55.0,1,3,3,1,Greece,1,2,21,1.6999999999999993,1,-13.0,-2,2
2014,Netherlands,Sweden,4,2,49,64,28.0,29.4,4,9,50.2,44.2,4,9,1,5,Netherlands,1,2,15,-1.3999999999999986,-5,6.0,-5,-4
2014,Morocco,Chile,0,0,64,10,25.6,28.6,1,5,40.5,44.1,5,0,4,4,Draw,0,0,-54,-3.0,-4,-3.6000000000000014,5,0
2014,Morocco,USA,1,3,61,40,29.8,28.6,8,8,48.1,43.8,0,3,0,2,USA,0,-2,-21,1.1999999999999993,0,4.300000000000004,-3,-2
2014,Colombia,Iran,1,1,29,24,24.7,26.1,9,10,44.4,42.5,10,10,0,5,Draw,0,0,-5,-1.4000000000000021,-1,1.8999999999999986,0,-5
2014,Poland,Saudi Arabia,3,0,39,99,26.2,27.8,4,1,50.7,46.2,3,3,4,3,Poland,1,3,60,-1.6000000000000014,3,4.5,0,1
2014,Serbia,Nigeria,3,3,88,44,26.6,25.6,10,9,59.9,57.7,8,9,5,2,Draw,0,0,-44,1.0,1,2.1999999999999957,-1,3
2014,Ecuador,USA,3,1,26,60,28.2,28.7,3,8,56.0,55.5,1,8,1,2,Ecuador,1,2,34,-0.5,-5,0.5,-7,-1
2014,Saudi Arabia,Cameroon,1,2,17,62,29.2,29.3,2,6,56.9,54.7,4,2,1,4,Cameroon,0,-1,45,-0.10000000000000142,-4,2.1999999999999957,2,-3
2014,Ecuador,Germany,0,2,71,87,29.1,28.1,5,3,52.7,55.9,0,1,1,3,Germany,0,-2,16,1.0,2,-3.1999999999999957,-1,-2
2014,Italy,Iran,2,2,13,17,27.4,26.3,3,3,40.8,45.4,3,8,0,0,Draw,0,0,4,1.0999999999999979,0,-4.600000000000001,-5,0
2014,Australia,USA,3,3,69,65,26.4,26.6,10,8,44.1,57.7,3,8,3,3,Draw,0,0,-4,-0.20000000000000284,2,-13.600000000000001,-5,0
2014,France,England,4,2,26,95,23.3,30.6,7,5,58.5,42.7,5,0,5,0,France,1,2,69,-7.300000000000001,2,15.799999999999997,5,5
2014,Paraguay,Argentina,0,0,49,95,24.4,26.3,6,10,47.3,46.7,9,5,1,3,Draw,0,0,46,-1.9000000000000021,-4,0.5999999999999943,4,-2
2014,Japan,Nigeria,2,3,67,57,30.5,29.1,1,7,42.1,51.7,8,9,0,1,Nigeria,0,-1,-10,1.3999999999999986,-6,-9.600000000000001,-1,-1
2014,Saudi Arabia,South Korea,2,0,7,55,23.3,27.7,8,5,54.0,42.1,2,7,0,3,Saudi Arabia,1,2,48,-4.399999999999999,3,11.899999999999999,-5,-3
2014,Serbia,Greece,2,0,58,53,25.4,26.3,2,8,46.0,54.6,8,2,3,5,Serbia,1,2,-5,-0.9000000000000021,-6,-8.600000000000001,6,-2
2014,Russia,Paraguay,2,1,49,56,29.3,24.3,5,10,45.4,47.7,5,10,4,5,Russia,1,1,7,5.0,-5,-2.3000000000000043,-5,-1
2014,Spain,Sweden,0,0,53,98,27.4,27.4,9,10,60.0,55.7,6,8,4,4,Draw,0,0,45,0.0,-1,4.299999999999997,-2,0
2014,Paraguay,Ghana,0,0,65,9,28.9,27.2,8,4,57.2,49.9,9,1,1,0,Draw,0,0,-56,1.6999999999999993,4,7.300000000000004,8,1
2014,Cameroon,Saudi Arabia,2,3,17,13,29.9,25.3,9,3,59.6,54.7,10,0,5,4,Saudi Arabia,0,-1,-4,4.599999999999998,6,4.899999999999999,10,1
2014,Russia,Uruguay,3,1,43,89,27.6,31.6,5,8,53.0,45.0,9,6,3,5,Russia,1,2,46,-4.0,-3,8.0,3,-2
2014,Turkey,Czech Republic,1,2,25,48,28.3,27.8,10,7,54.8,49.8,5,2,1,5,Czech Republic,0,-1,23,0.5,3,5.0,3,-4
2014,Paraguay,Japan,5,2,3,18,25.6,27.8,6,2,40.6,41.5,5,6,3,0,Paraguay,1,3,15,-2.1999999999999993,4,-0.8999999999999986,-1,3
2014,Ecuador,Czech Republic,1,1,79,76,28.2,25.8,3,6,42.4,52.4,1,3,0,5,Draw,0,0,-3,2.3999999999999986,-3,-10.0,-2,-5
2014,Poland,Chile,1,1,29,40,26.2,27.6,3,9,52.7,53.3,1,8,1,5,Draw,0,0,11,-1.4000000000000021,-6,-0.5999999999999943,-7,-4
2014,Costa Rica,Iran,2,1,32,17,26.1,27.9,10,4,58.0,47.6,1,4,0,0,Costa Rica,1,1,-15,-1.7999999999999972,6,10.399999999999999,-3,0
2014,Nigeria,Ghana,1,4,26,15,28.8,28.9,8,9,52.5,59.1,9,2,2,5,Ghana,0,-3,-11,-0.09999999999999787,-1,-6.600000000000001,7,-3
2014,Ecuador,Japan,0,0,16,15,28.8,25.0,10,2,42.7,57.5,0,7,3,2,Draw,0,0,-1,3.8000000000000007,8,-14.799999999999997,-7,1
2014,Argentina,Mexico,1,2,25,79,30.4,29.8,10,2,42.3,54.2,4,5,2,1,Mexico,0,-1,54,0.5999999999999979,8,-11.900000000000006,-1,1
2014,South Korea,Switzerland,1,2,54,63,30.2,27.7,2,9,56.9,54.3,7,1,1,4,Switzerland,0,-1,9,2.5,-7,2.6000000000000014,6,-3
2014,Turkey,France,1,0,73,13,23.6,26.6,5,7,50.4,53.1,4,7,1,2,Turkey,1,1,-60,-3.0,-2,-2.700000000000003,-3,-1
2014,Argentina,Uruguay,2,0,56,81,30.7,25.1,6,1,40.7,44.0,7,9,2,1,Argentina,1,2,25,5.599999999999998,5,-3.299999999999997,-2,1
2014,Tunisia,Argentina,1,3,65,32,28.8,27.1,2,6,41.6,42.9,9,6,1,4,Argentina,0,-2,-33,1.6999999999999993,-4,-1.2999999999999972,3,-3
2014,Cameroon,South Korea,2,0,93,9,25.5,27.4,5,7,53.4,60.0,4,9,5,2,Cameroon,1,2,-84,-1.8999999999999986,-2,-6.600000000000001,-5,3
2014,Costa Rica,Senegal,3,1,86,40,28.5,24.2,7,6,53.8,52.4,1,5,4,5,Costa Rica,1,2,-46,4.300000000000001,1,1.3999999999999986,-4,-1
2014,Nigeria,Colombia,1,1,41,90,28.2,29.0,10,2,44.3,45.8,5,8,1,4,Draw,0,0,49,-0.8000000000000007,8,-1.5,-3,-3
2014,Germany,Netherlands,3,1,51,91,24.4,25.5,8,6,56.3,52.1,10,2,0,3,Germany,1,2,40,-1.1000000000000014,2,4.199999999999996,8,-3
2014,Morocco,Tunisia,0,2,71,85,25.4,25.0,7,4,44.3,41.0,10,4,1,0,Tunisia,0,-2,14,0.3999999999999986,3,3.299999999999997,6,1
2014,Germany,Australia,1,2,78,82,28.4,26.4,8,9,50.8,41.9,4,6,0,5,Australia,0,-1,4,2.0,-1,8.899999999999999,-2,-5
2018,Iran,Ukraine,2,0,29,77,29.1,27.0,9,1,59.4,40.7,10,6,4,1,Iran,1,2,48,2.1000000000000014,8,18.699999999999996,4,3
2018,Japan,Spain,1,0,83,80,27.7,26.5,5,8,43.0,50.0,3,2,1,0,Japan,1,1,-3,1.1999999999999993,-3,-7.0,1,1
2018,Tunisia,Iran,0,0,19,73,26.4,26.9,5,5,58.8,52.0,3,3,4,3,Draw,0,0,54,-0.5,0,6.799999999999997,0,1
2018,Ecuador,Colombia,1,2,66,63,22.8,27.4,10,1,43.7,41.2,4,9,2,2,Colombia,0,-1,-3,-4.599999999999998,9,2.5,-5,0
2018,Portugal,Spain,2,1,41,76,26.6,24.3,4,4,51.3,54.4,1,6,0,2,Portugal,1,1,35,2.3000000000000007,0,-3.1000000000000014,-5,-2
2018,Czech Republic,Ukraine,1,0,45,44,28.1,24.5,9,1,47.5,44.6,8,7,5,4,Czech Republic,1,1,-1,3.6000000000000014,8,2.8999999999999986,1,1
2018,Russia,Ecuador,3,1,15,38,26.4,21.6,5,6,59.3,53.7,1,1,2,1,Russia,1,2,23,4.799999999999997,-1,5.599999999999994,0,1
2018,Iran,Chile,1,1,3,83,27.0,28.9,2,2,45.5,59.6,9,8,0,1,Draw,0,0,80,-1.8999999999999986,0,-14.100000000000001,1,-1
2018,Paraguay,Poland,1,0,11,60,26.6,27.0,10,5,48.0,53.8,1,6,4,4,Paraguay,1,1,49,-0.3999999999999986,5,-5.799999999999997,-5,0
2018,Ghana,Spain,2,2,53,71,26.4,29.1,8,7,59.7,57.7,9,7,3,0,Draw,0,0,18,-2.700000000000003,1,2.0,2,3
2018,Cameroon,Spain,1,3,46,99,27.2,24.7,7,2,50.7,59.0,8,5,1,2,Spain,0,-2,53,2.5,5,-8.299999999999997,3,-1
2018,Mexico,France,1,2,30,48,26.5,27.0,8,6,50.1,49.7,2,5,4,2,France,0,-1,18,-0.5,2,0.3999999999999986,-3,2
2018,England,Serbia,2,0,57,18,29.9,27.4,3,6,45.2,54.0,9,8,0,1,England,1,2,-39,2.5,-3,-8.799999999999997,1,-1
2018,Senegal,Croatia,1,0,18,16,22.6,25.9,4,5,54.0,57.0,6,3,0,1,Senegal,1,1,-2,-3.299999999999997,-1,-3.0,3,-1
2018,Switzerland,Serbia,1,0,51,55,25.9,23.9,5,5,40.3,47.1,3,10,0,4,Switzerland,1,1,4,2.0,0,-6.800000000000004,-7,-4
2018,Brazil,Turkey,3,4,48,39,25.3,30.5,6,3,41.0,45.2,5,10,0,3,Turkey,0,-1,-9,-5.199999999999999,3,-4.200000000000003,-5,-3
2018,Netherlands,Cameroon,0,0,66,68,27.4,29.8,1,10,52.0,58.9,3,4,1,0,Draw,0,0,2,-2.400000000000002,-9,-6.899999999999999,-1,1
2018,Denmark,Portugal,0,3,96,59,27.2,26.2,4,10,46.8,54.5,9,8,2,5,Portugal,0,-3,-37,1.0,-6,-7.700000000000003,1,-3
2018,USA,Argentina,1,2,8,89,30.2,28.0,10,2,59.1,44.4,6,0,5,3,Argentina,0,-1,81,2.1999999999999993,8,14.700000000000003,6,2
2018,Belgium,Turkey,1,2,22,96,30.9,26.0,5,7,58.1,49.0,0,3,3,3,Turkey,0,-1,74,4.899999999999999,-2,9.100000000000001,-3,0
2018,Nigeria,Tunisia,1,4,6,62,25.5,25.0,7,1,54.3,55.9,2,6,1,1,Tunisia,0,-3,56,0.5,6,-1.6000000000000014,-4,0
2018,Sweden,Ukraine,2,0,76,13,27.0,30.7,5,6,56.4,50.9,2,10,0,1,Sweden,1,2,-63,-3.6999999999999993,-1,5.5,-8,-1
2018,Saudi Arabia,Senegal,1,3,57,81,27.4,23.7,1,6,53.3,53.0,0,8,1,1,Senegal,0,-2,24,3.6999999999999993,-5,0.29999999999999716,-8,0
2018,Colombia,Cameroon,3,3,36,6,25.4,26.4,7,3,42.5,55.1,5,10,4,3,Draw,0,0,-30,-1.0,4,-12.600000000000001,-5,1
2018,Germany,Turkey,1,2,79,83,28.3,27.2,8,2,55.3,52.4,10,9,5,0,Turkey,0,-1,4,1.1000000000000014,6,2.8999999999999986,1,5
2018,Costa Rica,Spain,3,3,92,77,26.5,30.3,7,2,44.2,50.8,8,5,0,1,Draw,0,0,-15,-3.8000000000000007,5,-6.599999999999994,3,-1
2018,Nigeria,Germany,1,0,57,60,24.9,28.8,4,9,46.5,55.0,7,7,3,2,Nigeria,1,1,3,-3.900000000000002,-5,-8.5,0,1
2018,Chile,Switzerland,0,0,49,90,26.4,23.7,8,5,56.4,54.6,10,8,0,0,Draw,0,0,41,2.6999999999999993,3,1.7999999999999972,2,0
2018,Ghana,Saudi Arabia,2,1,45,14,25.0,27.0,5,7,50.7,52.6,6,9,5,2,Ghana,1,1,-31,-2.0,-2,-1.8999999999999986,-3,3
2018,Chile,Croatia,0,1,82,95,29.1,27.0,10,5,57.2,47.2,9,3,3,0,Croatia,0,-1,13,2.1000000000000014,5,10.0,6,3
2018,Chile,France,1,5,66,54,30.8,26.5,9,7,44.3,48.1,7,0,5,1,France,0,-4,-12,4.300000000000001,2,-3.8000000000000043,7,4
2018,Spain,Sweden,3,0,77,4,27.5,28.2,10,4,52.2,59.4,5,7,3,5,Spain,1,3,-73,-0.6999999999999993,6,-7.199999999999996,-2,-2
2018,Sweden,Spain,1,1,45,39,27.2,24.2,5,8,41.7,42.2,8,1,2,4,Draw,0,0,-6,3.0,-3,-0.5,7,-2
2018,Ukraine,Serbia,0,3,79,72,27.3,26.2,1,10,52.9,45.4,2,10,2,1,Serbia,0,-3,-7,1.1000000000000014,-9,7.5,-8,1
2018,Ecuador,Greece,4,0,20,25,29.4,28.0,9,10,55.3,49.8,9,0,1,3,Ecuador,1,4,5,1.3999999999999986,-1,5.5,9,-2
2018,Netherlands,Germany,1,2,64,77,29.3,28.4,5,7,51.7,56.7,9,6,1,5,Germany,0,-1,13,0.9000000000000021,-2,-5.0,3,-4
2018,Italy,Sweden,2,1,93,32,26.8,27.3,6,10,45.3,43.3,8,9,3,3,Italy,1,1,-61,-0.5,-4,2.0,-1,0
2018,Czech Republic,Croatia,0,2,93,59,27.5,26.4,4,5,40.6,45.5,3,8,0,0,Croatia,0,-2,-34,1.1000000000000014,-1,-4.899999999999999,-5,0
2018,France,Netherlands,1,2,67,63,28.3,26.8,6,6,42.4,41.3,6,10,4,3,Netherlands,0,-1,-4,1.5,0,1.1000000000000014,-4,1
2018,Spain,Iran,3,2,83,38,24.7,28.5,8,5,52.4,54.1,8,8,4,5,Spain,1,1,-45,-3.8000000000000007,3,-1.7000000000000028,0,-1
2018,Costa Rica,Italy,1,0,3,92,29.4,27.1,3,7,58.7,44.8,1,2,0,5,Costa Rica,1,1,89,2.299999999999997,-4,13.900000000000006,-1,-5
2018,Serbia,Spain,0,0,54,53,30.5,24.9,5,2,44.1,47.8,1,5,0,1,Draw,0,0,-1,5.600000000000001,3,-3.6999999999999957,-4,-1
2018,Paraguay,Iran,1,0,78,94,29.3,24.5,2,5,54.7,48.9,8,6,2,2,Paraguay,1,1,16,4.800000000000001,-3,5.800000000000004,2,0
2018,Tunisia,France,1,2,64,67,24.5,24.0,2,10,57.3,57.8,2,9,4,1,France,0,-1,3,0.5,-8,-0.5,-7,3
2018,Denmark,Australia,0,1,40,28,23.1,29.9,7,3,50.4,48.2,8,8,3,0,Australia,0,-1,-12,-6.799999999999997,4,2.1999999999999957,0,3
2018,Mexico,Switzerland,0,4,59,3,28.4,28.6,10,9,53.4,42.9,4,1,5,3,Switzerland,0,-4,-56,-0.20000000000000284,1,10.5,3,2
2018,Serbia,Ecuador,3,1,55,98,25.5,26.8,10,6,56.3,50.5,5,7,1,2,Serbia,1,2,43,-1.3000000000000007,4,5.799999999999997,-2,-1
2018,Australia,Switzerland,1,3,62,80,27.6,26.1,10,10,45.2,59.3,1,6,5,4,Switzerland,0,-2,18,1.5,0,-14.099999999999994,-5,1
2018,Japan,Belgium,0,4,4,22,30.1,25.9,6,3,45.9,52.2,7,3,2,5,Belgium,0,-4,18,4.200000000000003,3,-6.300000000000004,4,-3
2018,Australia,Brazil,1,2,60,96,25.7,29.2,4,7,40.0,59.7,10,1,4,2,Brazil,0,-1,36,-3.5,-3,-19.700000000000003,9,2
2018,Saudi Arabia,Iran,0,1,75,38,26.2,30.8,5,4,59.3,56.8,8,7,0,2,Iran,0,-1,-37,-4.600000000000001,1,2.5,1,-2
2018,Iran,USA,3,2,95,72,27.6,25.8,1,3,58.4,40.7,1,10,4,1,Iran,1,1,-23,1.8000000000000007,-2,17.699999999999996,-9,3
2018,Ukraine,Greece,1,0,96,72,24.4,29.3,7,8,55.3,53.2,5,4,3,4,Ukraine,1,1,-24,-4.900000000000002,-1,2.0999999999999943,1,-1
2018,Iran,Ukraine,0,2,91,62,25.5,27.1,8,4,41.6,45.7,5,5,2,5,Ukraine,0,-2,-29,-1.6000000000000014,4,-4.100000000000001,0,-3
2018,Nigeria,Croatia,4,1,30,57,27.0,26.6,9,1,49.0,51.2,7,10,0,0,Nigeria,1,3,27,0.3999999999999986,8,-2.200000000000003,-3,0
2018,Portugal,Senegal,2,3,2,6,26.4,30.0,8,6,42.0,45.6,9,6,5,0,Senegal,0,-1,4,-3.6000000000000014,2,-3.6000000000000014,3,5
2018,Belgium,Mexico,1,2,62,78,28.2,27.0,5,10,40.3,47.0,4,9,3,2,Mexico,0,-1,16,1.1999999999999993,-5,-6.700000000000003,-5,1
2018,Brazil,Argentina,2,0,49,32,32.5,27.6,3,1,52.3,58.5,8,0,5,2,Brazil,1,2,-17,4.899999999999999,2,-6.200000000000003,8,3
2018,Brazil,Ecuador,0,0,9,99,27.2,27.5,10,5,59.2,44.1,0,7,1,3,Draw,0,0,90,-0.3000000000000007,5,15.100000000000001,-7,-2
2018,Colombia,Spain,2,1,92,10,25.3,23.7,9,7,58.1,57.5,8,3,2,4,Colombia,1,1,-82,1.6000000000000014,2,0.6000000000000014,5,-2
2018,Costa Rica,Uruguay,1,2,31,3,29.8,27.6,6,6,53.9,40.6,9,8,3,5,Uruguay,0,-1,-28,2.1999999999999993,0,13.299999999999997,1,-2
2018,Ghana,Italy,1,1,98,59,23.8,25.9,5,2,41.9,41.8,6,0,3,2,Draw,0,0,-39,-2.099999999999998,3,0.10000000000000142,6,1
2018,Tunisia,Nigeria,2,4,61,76,24.2,24.2,3,4,45.5,57.1,3,10,5,3,Nigeria,0,-2,15,0.0,-1,-11.600000000000001,-7,2
2018,Brazil,Uruguay,0,2,79,49,25.8,26.0,6,2,46.4,52.6,2,1,0,4,Uruguay,0,-2,-30,-0.1999999999999993,4,-6.200000000000003,1,-4
2018,Denmark,Germany,0,1,48,59,26.4,25.9,3,1,55.3,54.9,9,5,1,5,Germany,0,-1,11,0.5,2,0.3999999999999986,4,-4
2018,Czech Republic,Mexico,1,1,25,31,25.8,29.1,10,3,56.0,44.2,10,10,5,0,Draw,0,0,6,-3.3000000000000007,7,11.799999999999997,0,5
2018,Italy,Tunisia,2,2,36,93,26.9,24.9,6,3,47.7,50.7,5,9,3,3,Draw,0,0,57,2.0,3,-3.0,-4,0
2018,Chile,Germany,0,1,8,69,27.5,25.4,4,7,48.4,54.7,0,10,2,4,Germany,0,-1,61,2.1000000000000014,-3,-6.300000000000004,-10,-2
2018,Russia,Switzerland,0,1,73,62,29.1,27.5,2,1,40.9,52.5,2,0,3,3,Switzerland,0,-1,-11,1.6000000000000014,1,-11.600000000000001,2,0
2018,Argentina,Brazil,1,3,58,52,27.2,24.3,8,9,45.8,49.4,1,3,4,2,Brazil,0,-2,-6,2.8999999999999986,-1,-3.6000000000000014,-2,2
2018,Belgium,Ukraine,4,4,45,89,25.9,25.7,4,6,49.0,59.2,10,7,2,1,Draw,0,0,44,0.1999999999999993,-2,-10.200000000000003,3,1
2018,Iran,Portugal,1,0,62,41,29.0,23.7,9,4,42.3,53.5,8,9,2,0,Iran,1,1,-21,5.300000000000001,5,-11.200000000000003,-1,2
2018,Denmark,Japan,0,0,39,31,25.4,28.8,7,3,49.1,58.2,2,4,3,2,Draw,0,0,-8,-3.400000000000002,4,-9.100000000000001,-2,1
2018,Ukraine,Portugal,3,1,96,85,23.7,26.4,2,3,57.1,54.6,1,8,0,2,Ukraine,1,2,-11,-2.6999999999999993,-1,2.5,-7,-2
2018,Chile,Croatia,2,1,58,84,29.4,27.0,4,2,51.6,54.7,3,10,2,4,Chile,1,1,26,2.3999999999999986,2,-3.1000000000000014,-7,-2
2018,Russia,Sweden,3,0,81,22,29.3,28.8,5,2,41.6,41.6,1,10,4,3,Russia,1,3,-59,0.5,3,0.0,-9,1
2018,USA,Cameroon,1,2,99,4,25.4,25.6,3,10,43.8,47.2,0,5,5,0,Cameroon,0,-1,-95,-0.20000000000000284,-7,-3.4000000000000057,-5,5
2018,Saudi Arabia,Greece,3,1,83,13,26.2,26.4,9,5,49.5,57.2,5,0,0,2,Saudi Arabia,1,2,-70,-0.1999999999999993,4,-7.700000000000003,5,-2
2018,Italy,Paraguay,2,2,64,45,25.2,24.9,5,9,47.2,44.7,9,5,0,4,Draw,0,0,-19,0.3000000000000007,-4,2.5,4,-4
2022,Italy,Turkey,3,0,29,49,30.5,25.2,3,2,50.6,46.5,9,5,2,3,Italy,1,3,20,5.300000000000001,1,4.100000000000001,4,-1
2022,Belgium,Italy,0,0,59,20,28.4,26.0,9,6,51.7,44.4,9,7,0,2,Draw,0,0,-39,2.3999999999999986,3,7.300000000000004,2,-2
2022,Denmark,USA,1,2,71,77,29.1,26.2,7,10,55.9,58.5,1,5,3,5,USA,0,-1,6,2.900000000000002,-3,-2.6000000000000014,-4,-2
2022,Iran,Croatia,5,2,92,81,28.6,27.6,2,2,46.8,57.4,8,4,0,2,Iran,1,3,-11,1.0,0,-10.600000000000001,4,-2
2022,Iran,Portugal,2,1,9,54,27.0,25.2,9,4,56.1,50.0,2,10,4,2,Iran,1,1,45,1.8000000000000007,5,6.100000000000001,-8,2
2022,Poland,Colombia,0,0,92,36,29.2,27.6,4,6,46.8,41.2,7,1,1,0,Draw,0,0,-56,1.5999999999999979,-2,5.599999999999994,6,1
2022,Czech Republic,Belgium,1,0,6,97,28.5,28.0,9,5,41.1,54.3,7,3,4,0,Czech Republic,1,1,91,0.5,4,-13.199999999999996,4,4
2022,Senegal,Paraguay,3,0,29,1,29.9,26.1,2,1,51.1,52.5,2,9,2,0,Senegal,1,3,-28,3.799999999999997,1,-1.3999999999999986,-7,2
2022,Ecuador,Paraguay,2,2,58,15,26.1,25.4,10,6,51.8,59.4,2,4,0,0,Draw,0,0,-43,0.7000000000000028,4,-7.600000000000001,-2,0
2022,Serbia,Brazil,1,0,17,77,23.5,27.2,4,1,58.7,51.2,5,9,0,4,Serbia,1,1,60,-3.6999999999999993,3,7.5,-4,-4
2022,Ukraine,Tunisia,0,1,16,17,29.1,26.6,5,3,54.5,46.7,0,3,3,1,Tunisia,0,-1,1,2.5,2,7.799999999999997,-3,2
2022,Nigeria,Chile,3,1,87,24,27.7,27.4,2,10,58.4,50.4,3,1,5,4,Nigeria,1,2,-63,0.3000000000000007,-8,8.0,2,1
2022,Uruguay,Russia,0,4,95,58,26.4,30.1,10,5,58.2,59.6,0,6,0,2,Russia,0,-4,-37,-3.700000000000003,5,-1.3999999999999986,-6,-2
2022,Italy,Netherlands,1,0,3,72,26.5,27.1,1,10,52.1,53.9,2,9,4,4,Italy,1,1,69,-0.6000000000000014,-9,-1.7999999999999972,-7,0
2022,Senegal,Croatia,3,0,21,91,32.1,25.7,7,5,50.6,53.4,8,9,2,3,Senegal,1,3,70,6.400000000000002,2,-2.799999999999997,-1,-1
2022,Colombia,Ukraine,0,2,64,23,25.7,25.2,10,10,51.1,44.8,4,1,1,5,Ukraine,0,-2,-41,0.5,0,6.300000000000004,3,-4
2022,Turkey,USA,0,0,90,46,25.3,25.3,1,6,59.6,54.9,4,0,0,0,Draw,0,0,-44,0.0,-5,4.700000000000003,4,0
2022,Uruguay,Serbia,0,2,36,72,27.2,24.1,8,10,55.5,55.0,10,4,1,3,Serbia,0,-2,36,3.099999999999998,-2,0.5,6,-2
2022,Australia,Paraguay,1,1,86,8,29.4,28.9,3,8,42.1,46.3,3,0,0,5,Draw,0,0,-78,0.5,-5,-4.199999999999996,3,-5
2022,Costa Rica,Poland,1,1,62,59,31.6,22.5,10,5,55.6,49.7,2,0,2,3,Draw,0,0,-3,9.100000000000001,5,5.899999999999999,2,-1
2022,Brazil,Ukraine,1,0,42,90,28.3,28.0,6,1,43.4,45.9,4,0,5,2,Brazil,1,1,48,0.3000000000000007,5,-2.5,4,3
2022,France,Australia,1,2,42,13,30.9,26.0,10,3,44.2,40.5,3,8,2,3,Australia,0,-1,-29,4.899999999999999,7,3.700000000000003,-5,-1
2022,Denmark,USA,2,2,61,39,27.0,25.2,1,4,53.8,45.7,7,9,1,2,Draw,0,0,-22,1.8000000000000007,-3,8.099999999999994,-2,-1
2022,Cameroon,Iran,2,3,13,28,25.3,29.9,6,8,57.5,51.1,3,10,0,0,Iran,0,-1,15,-4.599999999999998,-2,6.399999999999999,-7,0
2022,Denmark,France,1,2,11,89,24.8,27.0,7,7,45.8,40.0,10,0,1,1,France,0,-1,78,-2.1999999999999993,0,5.799999999999997,10,0
2022,Germany,Ghana,3,0,54,61,28.7,28.6,6,5,41.6,45.7,7,4,4,2,Germany,1,3,7,0.09999999999999787,1,-4.100000000000001,3,2
2022,Saudi Arabia,Ghana,0,0,16,16,27.5,29.6,4,2,46.0,57.6,5,8,2,4,Draw,0,0,0,-2.1000000000000014,2,-11.600000000000001,-3,-2
2022,Costa Rica,South Korea,2,1,8,2,27.7,27.3,1,6,53.4,51.9,10,8,1,0,Costa Rica,1,1,-6,0.3999999999999986,-5,1.5,2,1
2022,Morocco,Tunisia,2,0,59,82,29.6,24.6,9,6,46.6,52.2,4,0,1,3,Morocco,1,2,23,5.0,3,-5.600000000000001,4,-2
2022,Switzerland,Netherlands,1,1,57,17,25.4,26.6,4,10,45.6,48.1,3,7,4,5,Draw,0,0,-40,-1.2000000000000028,-6,-2.5,-4,-1
2022,Cameroon,Czech Republic,2,0,40,30,29.7,25.5,7,10,43.7,53.5,3,0,0,3,Cameroon,1,2,-10,4.199999999999999,-3,-9.799999999999997,3,-3
2022,Belgium,Tunisia,1,0,59,13,26.0,26.0,7,6,50.0,43.8,3,7,1,4,Belgium,1,1,-46,0.0,1,6.200000000000003,-4,-3
2022,Paraguay,USA,3,0,2,96,31.3,26.8,2,9,45.5,56.4,10,0,4,4,Paraguay,1,3,94,4.5,-7,-10.899999999999999,10,0
2022,Ecuador,Costa Rica,0,0,94,93,28.2,26.7,1,8,54.6,42.3,8,4,0,3,Draw,0,0,-1,1.5,-7,12.300000000000004,4,-3
2022,Ecuador,Greece,0,1,94,94,25.2,27.8,8,8,41.5,53.1,3,7,5,5,Greece,0,-1,0,-2.6000000000000014,0,-11.600000000000001,-4,0
2022,Ukraine,Ecuador,2,0,76,82,22.9,28.1,8,1,53.3,46.8,8,5,0,0,Ukraine,1,2,6,-5.200000000000003,7,6.5,3,0
2022,Belgium,Nigeria,0,2,10,13,28.6,26.7,7,5,44.8,55.0,9,8,5,2,Nigeria,0,-2,3,1.9000000000000021,2,-10.200000000000003,1,3
2022,Argentina,Sweden,4,1,44,43,26.3,27.8,8,7,49.8,51.0,5,0,2,4,Argentina,1,3,-1,-1.5,1,-1.2000000000000028,5,-2
2022,Brazil,Ecuador,0,1,11,85,26.7,25.9,3,6,45.7,49.0,9,8,4,4,Ecuador,0,-1,74,0.8000000000000007,-3,-3.299999999999997,1,0
2022,Ecuador,Ghana,2,2,79,94,28.5,29.6,2,5,54.5,43.4,6,0,0,4,Draw,0,0,15,-1.1000000000000014,-3,11.100000000000001,6,-4
2022,Tunisia,Japan,4,1,80,21,29.0,25.9,7,8,58.9,52.7,9,9,5,5,Tunisia,1,3,-59,3.1000000000000014,-1,6.199999999999996,0,0
2022,Uruguay,Ecuador,3,3,81,55,29.4,29.4,8,3,58.3,59.5,2,9,5,1,Draw,0,0,-26,0.0,5,-1.2000000000000028,-7,4
2022,Russia,Germany,1,1,90,81,24.7,24.0,1,6,51.7,56.5,7,2,2,5,Draw,0,0,-9,0.6999999999999993,-5,-4.799999999999997,5,-3
2022,Mexico,USA,5,2,2,40,29.9,26.2,10,5,49.3,41.2,2,0,3,0,Mexico,1,3,38,3.6999999999999993,5,8.099999999999994,2,3
2022,Belgium,Tunisia,1,1,50,83,25.8,26.3,9,8,56.4,47.5,0,2,4,0,Draw,0,0,33,-0.5,1,8.899999999999999,-2,4
2022,Turkey,Tunisia,2,1,12,15,22.5,27.6,4,4,53.7,58.5,9,10,3,0,Turkey,1,1,3,-5.100000000000001,0,-4.799999999999997,-1,3
2022,Germany,Czech Republic,0,3,90,73,24.6,28.7,4,8,43.7,50.1,4,1,0,0,Czech Republic,0,-3,-17,-4.099999999999998,-4,-6.399999999999999,3,0
2022,Paraguay,Spain,0,3,23,52,27.4,24.5,3,10,56.4,53.2,1,1,4,0,Spain,0,-3,29,2.8999999999999986,-7,3.1999999999999957,0,4
2022,Nigeria,Spain,1,1,18,74,25.0,24.8,6,2,48.6,58.3,9,8,2,3,Draw,0,0,56,0.1999999999999993,4,-9.699999999999996,1,-1
2022,Japan,Argentina,0,1,62,95,26.8,24.2,1,9,43.8,57.5,5,7,0,4,Argentina,0,-1,33,2.6000000000000014,-8,-13.700000000000003,-2,-4
2022,Iran,England,0,1,96,53,27.7,29.6,6,9,45.6,50.0,9,0,4,5,England,0,-1,-43,-1.9000000000000021,-3,-4.399999999999999,9,-1
2022,Russia,Sweden,0,0,38,52,26.0,24.8,9,10,50.4,46.8,0,0,3,5,Draw,0,0,14,1.1999999999999993,-1,3.6000000000000014,0,-2
2022,Iran,Russia,1,0,67,30,24.5,26.1,2,6,44.7,54.4,3,0,0,1,Iran,1,1,-37,-1.6000000000000014,-4,-9.699999999999996,3,-1
2022,Uruguay,Ecuador,3,0,38,33,27.0,29.4,7,4,42.5,45.7,0,3,2,2,Uruguay,1,3,-5,-2.3999999999999986,3,-3.200000000000003,-3,0
2022,Iran,Serbia,1,1,67,57,22.9,26.4,1,4,42.5,45.0,0,1,2,4,Draw,0,0,-10,-3.5,-3,-2.5,-1,-2
2022,Colombia,Czech Republic,0,2,94,52,25.6,26.3,7,6,51.7,47.1,7,2,0,1,Czech Republic,0,-2,-42,-0.6999999999999993,1,4.600000000000001,5,-1
2022,England,Morocco,2,2,61,9,25.1,25.4,5,5,54.7,43.5,10,10,0,3,Draw,0,0,-52,-0.29999999999999716,0,11.200000000000003,0,-3
2022,France,Senegal,0,1,1,54,26.5,25.0,8,6,46.4,53.9,1,8,5,2,Senegal,0,-1,53,1.5,2,-7.5,-7,3
2022,Croatia,Russia,1,1,94,1,26.6,29.4,4,7,40.7,52.3,0,1,1,1,Draw,0,0,-93,-2.799999999999997,-3,-11.599999999999994,-1,0
2022,Russia,Greece,0,0,45,44,28.9,30.3,10,7,42.5,49.7,10,3,3,5,Draw,0,0,-1,-1.4000000000000021,3,-7.200000000000003,7,-2
2022,Senegal,Ecuador,3,0,96,99,30.2,25.0,7,9,58.3,47.8,7,0,0,2,Senegal,1,3,3,5.199999999999999,-2,10.5,7,-2
2022,Ghana,Ukraine,2,2,28,75,24.8,29.8,6,8,49.9,58.2,3,1,0,5,Draw,0,0,47,-5.0,-2,-8.300000000000004,2,-5
2022,Poland,Morocco,0,1,21,98,31.0,26.0,5,6,49.1,40.6,2,4,1,1,Morocco,0,-1,77,5.0,-1,8.5,-2,0
2022,Senegal,Ecuador,1,4,13,80,25.4,28.1,4,6,40.8,55.4,3,9,1,3,Ecuador,0,-3,67,-2.700000000000003,-2,-14.600000000000001,-6,-2
2022,Uruguay,France,1,2,27,9,27.3,29.8,7,5,54.6,58.0,10,0,4,5,France,0,-1,-18,-2.5,2,-3.3999999999999986,10,-1
2022,Ukraine,Chile,3,2,100,32,28.0,26.7,5,1,50.6,48.9,4,10,2,2,Ukraine,1,1,-68,1.3000000000000007,4,1.7000000000000028,-6,0
2022,Portugal,Germany,0,2,7,15,31.9,26.3,5,9,44.0,51.0,0,6,3,1,Germany,0,-2,8,5.599999999999998,-4,-7.0,-6,2
2022,Cameroon,Uruguay,2,0,22,12,25.9,28.6,1,9,42.2,58.9,10,3,4,5,Cameroon,1,2,-10,-2.700000000000003,-8,-16.699999999999996,7,-1
2022,Paraguay,Italy,5,1,74,97,23.4,24.8,2,9,47.7,44.2,0,5,0,3,Paraguay,1,4,23,-1.4000000000000021,-7,3.5,-5,-3
2022,Paraguay,Uruguay,2,1,53,78,30.0,29.3,5,8,56.7,50.4,2,7,1,4,Paraguay,1,1,25,0.6999999999999993,-3,6.300000000000004,-5,-3
2022,Senegal,Ecuador,3,2,79,57,25.3,27.3,3,10,57.3,49.5,5,5,5,3,Senegal,1,1,-22,-2.0,-7,7.799999999999997,0,2
2022,South Korea,Greece,2,2,79,8,26.3,25.8,2,3,52.1,45.2,0,1,2,3,Draw,0,0,-71,0.5,-1,6.899999999999999,-1,-1
2022,Czech Republic,Mexico,1,0,4,72,24.8,25.8,4,1,54.6,56.4,10,0,4,4,Czech Republic,1,1,68,-1.0,3,-1.7999999999999972,10,0
2022,Costa Rica,Turkey,1,1,96,27,26.3,24.2,4,8,42.3,58.0,1,7,5,3,Draw,0,0,-69,2.1000000000000014,-4,-15.700000000000003,-6,2
2022,Cameroon,Senegal,1,1,23,62,25.3,25.9,4,7,51.8,55.6,6,7,2,4,Draw,0,0,39,-0.5999999999999979,-3,-3.8000000000000043,-1,-2
2022,Nigeria,Cameroon,3,1,70,12,28.4,26.5,4,5,53.3,43.9,0,8,5,4,Nigeria,1,2,-58,1.8999999999999986,-1,9.399999999999999,-8,1
2022,Costa Rica,Sweden,3,1,88,65,27.2,24.9,3,10,44.0,41.7,6,5,1,5,Costa Rica,1,2,-23,2.3000000000000007,-7,2.299999999999997,1,-4
2022,Ukraine,Russia,0,2,84,42,25.6,26.9,7,7,57.6,52.1,3,0,4,5,Russia,0,-2,-42,-1.2999999999999972,0,5.5,3,-1
